session_length	type
237.995853913348	mobile
238.207752853853	mobile
238.338053745973	mobile
240.089173681648	mobile
241.206932388157	mobile
240.200078764707	mobile
239.545265092466	mobile
241.544925966645	mobile
240.238793806031	mobile
240.690285139178	mobile
238.438812403253	mobile
238.67758979997	mobile
240.38505549083	mobile
238.218763503498	mobile
240.436181443254	mobile
238.65105046958	mobile
240.037391356667	mobile
240.183849953233	mobile
236.217582032895	mobile
238.855308139567	mobile
242.049583476915	mobile
238.299207430137	mobile
241.022294787855	mobile
241.417994453652	mobile
239.744950033639	mobile
239.274199635713	mobile
239.490386876925	mobile
239.482067354764	mobile
239.017153202825	mobile
239.006760637338	mobile
242.505724115675	mobile
239.19164984712	mobile
239.467063772064	mobile
237.461211116763	mobile
238.928023279347	mobile
240.513201293054	mobile
240.241517752143	mobile
239.581327294706	mobile
238.64695361087	mobile
240.902326293738	mobile
238.374553529917	mobile
240.438112272526	mobile
239.266427090683	mobile
239.057323203317	mobile
237.49517292682	mobile
240.069920086641	mobile
237.307127658993	mobile
241.523610267855	mobile
240.275151375921	mobile
238.838308090339	mobile
240.338212369341	mobile
237.576770975206	mobile
239.069761463273	mobile
241.621896588504	mobile
237.902430219393	mobile
240.45451064691	mobile
240.522565541535	mobile
238.306952626311	mobile
239.357044791957	mobile
241.102935626261	mobile
239.584576338863	mobile
240.323400228636	mobile
240.046060944192	mobile
237.66567663806	mobile
236.855904344639	mobile
242.397668783468	mobile
240.227416681709	mobile
239.393560985215	mobile
238.342079497656	mobile
239.892327551785	mobile
238.967958079673	mobile
240.036122369724	mobile
237.957018537055	mobile
236.972525338716	mobile
239.807934450261	mobile
238.771193996379	mobile
237.625736367962	mobile
239.812058657828	mobile
241.331325927263	mobile
238.642938798729	mobile
239.680100425001	mobile
239.289952577083	mobile
237.534320080077	mobile
239.446240352691	mobile
240.64365533877	mobile
238.055282978619	mobile
239.87910164476	mobile
238.317667908305	mobile
237.786219458164	mobile
241.961104456223	mobile
240.153131717563	mobile
239.268680636463	mobile
241.151042264923	mobile
240.21325544379	mobile
236.733862807196	mobile
239.322754795622	mobile
239.726746634723	mobile
241.846348654163	mobile
240.87412962264	mobile
239.549712016541	mobile
239.714937398467	mobile
239.857884401853	mobile
235.271874982907	mobile
238.672612308079	mobile
239.396837378229	mobile
237.464777407657	mobile
239.335597818655	mobile
241.260793226235	mobile
238.931398128244	mobile
237.908933777479	mobile
239.566252604979	mobile
240.776543432719	mobile
239.646800457273	mobile
236.797131651926	mobile
239.582579872336	mobile
237.998041821871	mobile
239.758722917795	mobile
240.045322525065	mobile
239.971053970233	mobile
240.542907621032	mobile
239.785174731844	mobile
241.495867587776	mobile
241.096087472583	mobile
236.60692035466	mobile
237.492366934138	mobile
240.989536327486	mobile
238.81474431554	mobile
240.622771751913	mobile
237.274943524611	mobile
239.051793264524	mobile
239.894345897398	mobile
241.138724339935	mobile
240.587743336451	mobile
238.87258167736	mobile
237.846025937656	mobile
238.351722704474	mobile
238.355294465138	mobile
238.329411507305	mobile
239.764767015091	mobile
238.826422277285	mobile
237.208168556473	mobile
243.376353084678	mobile
240.270201232886	mobile
242.425668542798	mobile
241.213829769777	mobile
237.057350552173	mobile
237.941364051569	mobile
238.313368668056	mobile
239.229035734016	mobile
237.376774257068	mobile
238.138549307253	mobile
240.487646521499	mobile
238.951915240424	mobile
239.768716189976	mobile
240.607806457612	mobile
238.314336817578	mobile
239.159186754402	mobile
238.912111714609	mobile
238.73747285626	mobile
240.377195429459	mobile
238.721276863414	mobile
239.711409395973	mobile
239.563884194002	mobile
238.005338496797	mobile
239.02900072748	mobile
237.749265683202	mobile
239.811489801611	mobile
237.494325112267	mobile
237.826887207846	mobile
236.766626737336	mobile
242.529058160078	mobile
240.932404566165	mobile
240.678782210116	mobile
241.277711228894	mobile
239.286949672634	mobile
236.830546484851	mobile
237.784764498996	mobile
242.63074120871	mobile
237.935593442838	mobile
239.578165766889	mobile
239.155915831159	mobile
240.310447810177	mobile
240.411200997686	mobile
242.188876673066	mobile
238.331572066972	mobile
239.309353855915	mobile
239.961449051815	mobile
242.558370664523	mobile
240.239964337091	mobile
239.343337545057	mobile
239.25471084054	mobile
239.750731581913	mobile
241.779983918872	mobile
238.635718700601	mobile
241.011333366152	mobile
241.185304912402	mobile
244.395218325922	mobile
241.01880507376	mobile
239.014232344946	mobile
238.365533877029	mobile
240.658336204963	mobile
237.882968773076	mobile
241.131542530207	mobile
239.246117829814	mobile
241.214207183998	mobile
243.119711414866	mobile
239.36871728393	mobile
239.202365129114	mobile
241.048626266936	mobile
241.00183784316	mobile
242.115105867424	mobile
241.062153011383	mobile
240.88035422239	mobile
238.529090978706	mobile
240.577378119821	mobile
241.067732178118	mobile
238.836125651587	mobile
241.631818753658	mobile
239.394304874113	mobile
238.73413082599	mobile
239.900357176066	mobile
239.750157255925	mobile
240.863819103723	mobile
239.417606099889	mobile
240.171635953901	mobile
240.442214601008	mobile
240.337648982896	mobile
239.311361261986	mobile
238.430339727496	mobile
239.985067524327	mobile
238.787767403445	mobile
243.338540555619	mobile
240.006831744365	mobile
238.873806906133	mobile
239.940981167577	mobile
239.835195790464	mobile
238.213113229736	mobile
237.850144675451	mobile
238.258506861828	mobile
239.332726188718	mobile
242.708865952315	mobile
239.757010879375	mobile
240.416867680762	mobile
240.623832887547	mobile
239.092739972542	mobile
240.286495681616	mobile
238.550330100698	mobile
240.106288596074	mobile
241.237393544576	mobile
239.968040126242	mobile
240.46199329406	mobile
237.361190878609	mobile
238.605033283558	mobile
240.422824261718	mobile
240.368930605011	mobile
242.560481996248	mobile
239.363438954617	mobile
241.904738462885	mobile
239.22600001094	mobile
242.901276097646	mobile
240.413186524671	mobile
240.284586731429	mobile
238.862911121686	mobile
240.176307138599	mobile
241.81470055737	mobile
240.572269353418	mobile
240.243000060167	mobile
239.39542070746	mobile
240.429344229118	mobile
237.532711967313	mobile
239.415757317187	mobile
237.939641073607	mobile
239.8413656925	mobile
242.472675757427	mobile
242.176208682715	mobile
240.038507190014	mobile
239.264326698501	mobile
238.056196430427	mobile
242.887404757607	mobile
238.499565153181	mobile
241.378491765259	mobile
239.655169207375	mobile
238.116812436072	mobile
242.49308347418	mobile
238.297402405605	mobile
240.306963565853	mobile
238.333984236119	mobile
239.50207030844	mobile
241.411939416813	mobile
239.848935855992	mobile
239.93087849997	mobile
240.167604732446	mobile
237.434387358265	mobile
240.636511817441	mobile
237.862232870044	mobile
238.377665829792	mobile
238.050535217123	mobile
243.0920234325	mobile
241.214524430734	mobile
238.666535392155	mobile
238.632507944843	mobile
239.850489271044	mobile
239.641604174529	mobile
239.752284996964	mobile
238.979171110856	mobile
238.283246637458	mobile
240.197568139676	mobile
241.795496190304	mobile
241.17305262467	mobile
237.273395579331	mobile
241.868774716529	mobile
239.38948600559	mobile
242.627174917817	mobile
240.635527258605	mobile
238.94103586529	mobile
238.69234177319	mobile
240.106758996406	mobile
240.663702050617	mobile
239.017530617045	mobile
243.536562686314	mobile
239.444818212151	mobile
241.42521455178	mobile
238.087122517408	mobile
238.838357318281	mobile
238.722988901834	mobile
241.164705753652	mobile
240.701175453854	mobile
240.32525448111	mobile
242.678902545085	mobile
240.701126225913	mobile
237.722250482707	mobile
238.06486054818	mobile
239.928050628203	mobile
238.919731106042	mobile
236.549186918495	mobile
240.626163010125	mobile
239.720762704911	mobile
239.116555356821	mobile
241.151917428332	mobile
242.469109466533	mobile
238.202387008199	mobile
240.504887240664	mobile
238.005163464116	mobile
240.782729744069	mobile
236.951619872773	mobile
242.046968926229	mobile
238.610535873495	mobile
238.538947506605	mobile
238.89941090563	mobile
237.96418393747	mobile
238.961241200505	mobile
239.619418782101	mobile
240.243076636966	mobile
243.537530835836	mobile
237.876323000935	mobile
240.891589132658	mobile
238.462441815308	mobile
239.461331451732	mobile
240.292501490513	mobile
239.239160280709	mobile
239.02436236141	mobile
239.076697133293	mobile
239.464968849652	mobile
240.149538077813	mobile
241.654638639558	mobile
241.193077457432	mobile
239.965206784704	mobile
240.588082462272	mobile
241.593853071003	mobile
237.412130858809	mobile
240.456911876514	mobile
238.533384749184	mobile
238.986850669774	mobile
239.034815094381	mobile
241.109461063433	mobile
239.645815898437	mobile
237.271612433884	mobile
239.176591566707	mobile
240.724285237634	mobile
239.426631222549	mobile
239.103296631168	mobile
240.564371003648	mobile
238.657461041554	mobile
242.487170651395	mobile
242.387916181224	mobile
237.640422703927	mobile
238.930840211571	mobile
237.982529550439	mobile
239.260344704988	mobile
239.535594536792	mobile
239.413235752613	mobile
238.017601724072	mobile
241.879675970748	mobile
236.003484244324	mobile
241.388988256401	mobile
242.54319204914	mobile
241.784873894422	mobile
238.976627667197	mobile
239.250723377256	mobile
237.497382714429	mobile
238.943557429864	mobile
241.574528368969	mobile
240.4046974396	mobile
239.106277656531	mobile
241.558808246227	mobile
241.093407284641	mobile
241.199225480383	mobile
239.18446256762	mobile
238.656996110993	mobile
238.412978673362	mobile
239.940461539303	mobile
240.752071675883	mobile
240.168282984088	mobile
242.928110795688	mobile
240.75690695372	mobile
237.145539674986	mobile
241.745721271394	mobile
238.76534681085	mobile
238.420691050907	mobile
238.004031221455	mobile
239.523325839747	mobile
240.21718273959	mobile
238.893837208666	mobile
240.987507042331	mobile
238.733250192809	mobile
239.851998927925	mobile
241.139922219852	mobile
241.719975057843	mobile
241.223593311564	mobile
238.516045574135	mobile
238.538859990264	mobile
238.221006109735	mobile
239.815154548388	mobile
239.12369887815	mobile
239.583405807803	mobile
241.320435612587	mobile
242.411315862884	mobile
238.360135212747	mobile
238.55827767841	mobile
239.637884730039	mobile
238.720237606866	mobile
236.524228352013	mobile
240.039196381199	mobile
239.425712300969	mobile
239.716266552895	mobile
238.483259764909	mobile
240.717404265328	mobile
239.78553026698	mobile
239.59433988065	mobile
239.261619161703	mobile
240.184664949158	mobile
238.599623679734	mobile
239.509979597753	mobile
239.407727692905	mobile
242.107251275824	mobile
239.719154592147	mobile
239.713509788156	mobile
240.381565776735	mobile
238.92389907178	mobile
237.548891550844	mobile
240.64315211981	mobile
238.147339229747	mobile
239.331254820236	mobile
241.583788691795	mobile
241.358209853246	mobile
238.418535961011	mobile
241.553114214295	mobile
241.579669953999	mobile
239.173063564212	mobile
238.880151840852	mobile
237.792061173922	mobile
239.708745617346	mobile
243.178620851862	mobile
241.521728666524	mobile
240.867571366841	mobile
239.747570054096	mobile
239.321086515373	mobile
240.327114203355	mobile
238.042336029931	mobile
240.104210082976	mobile
241.207085541753	mobile
238.720833811938	mobile
240.286730881782	mobile
241.067141442816	mobile
237.755752831974	mobile
241.75945586715	mobile
240.51585960191	mobile
240.351345290253	mobile
237.630292687463	mobile
239.839976370588	mobile
240.047406507934	mobile
241.841808743976	mobile
241.164180655607	mobile
242.523878286649	mobile
241.296817140075	mobile
239.000732949355	mobile
240.978377994016	mobile
240.382358893575	mobile
237.380493701558	mobile
240.083452300859	mobile
240.959857348364	mobile
238.787193077457	mobile
239.745847076134	mobile
240.516663658292	mobile
238.83622410747	mobile
240.336500330921	mobile
241.351279652998	mobile
240.395092521182	mobile
239.297413345148	mobile
240.390093150205	mobile
239.331484550631	mobile
240.129699217276	mobile
238.036707635254	mobile
241.623980571372	mobile
240.667257401968	mobile
237.904825979226	mobile
241.661629007291	mobile
239.684957581923	mobile
240.774760287272	mobile
238.987578149358	mobile
238.964380849237	mobile
240.913233017728	mobile
238.283394321283	mobile
240.063607970551	mobile
239.494182898213	mobile
239.261958287524	mobile
236.174551342008	mobile
240.947200297556	mobile
239.609770105512	mobile
241.242332748068	mobile
239.518922673843	mobile
238.475963089983	mobile
239.462715303873	mobile
240.371900690832	mobile
241.332682430548	mobile
239.218429847448	mobile
237.522817151015	mobile
240.191294311985	mobile
241.161150402302	mobile
241.913730766917	mobile
238.332731658489	mobile
240.253026150977	mobile
240.617274631748	mobile
239.669696919972	mobile
240.69334274134	mobile
237.751902112973	mobile
240.676233296686	mobile
239.365741728338	mobile
240.465390022043	mobile
239.588476285806	mobile
238.519502469602	mobile
238.964140179299	mobile
238.661716523632	mobile
243.612154925803	mobile
239.180486043879	mobile
240.40996482937	mobile
242.174988923713	mobile
240.399539445256	mobile
239.345005825306	mobile
239.779715900078	mobile
238.071014040903	mobile
240.046793893547	mobile
239.298797197289	mobile
239.738260503328	mobile
240.160587015857	mobile
237.801802836623	mobile
241.435672754522	mobile
240.393298436192	mobile
241.125066320977	mobile
241.351618778819	mobile
238.493400720916	mobile
240.4673427304	mobile
239.944263030363	mobile
242.778775099413	mobile
239.486465050896	mobile
238.896539275693	mobile
240.179096721966	mobile
238.37201555603	mobile
238.690761009282	mobile
238.439971994771	mobile
239.904235243924	mobile
237.756879604864	mobile
241.554913769055	mobile
241.06352045421	mobile
236.680198880885	mobile
240.559973307516	mobile
239.092871247053	mobile
238.414789167665	mobile
240.387369204094	mobile
239.38881869349	mobile
237.440207194937	mobile
237.970638267614	mobile
238.610574161894	mobile
241.642823933531	mobile
243.74988376736	mobile
241.015397406234	mobile
237.764865470975	mobile
240.687150960218	mobile
238.750709702827	mobile
238.839391105058	mobile
238.268740803947	mobile
239.932136547371	mobile
239.941637540134	mobile
241.079410139862	mobile
241.44418918845	mobile
240.721659747406	mobile
237.012766446235	mobile
239.756009911226	mobile
237.733529151146	mobile
239.573587568304	mobile
242.297725122113	mobile
239.842820651669	mobile
241.824819634291	mobile
238.553732298453	mobile
237.428009604918	mobile
238.160302587749	mobile
239.399670719767	mobile
240.274303561368	mobile
238.161232448871	mobile
239.137417064593	mobile
237.404484118519	mobile
238.697548995476	mobile
240.327272826723	mobile
238.040799024193	mobile
240.565793144189	mobile
240.882460084344	mobile
240.150489818021	mobile
238.775247096919	mobile
240.667547299847	mobile
240.860099659233	mobile
239.660540522801	mobile
239.989372234347	mobile
239.868112874201	mobile
240.486568976551	mobile
238.463595937054	mobile
239.84930233067	mobile
238.640121866505	mobile
240.977721621459	mobile
237.897890309206	mobile
237.43675029947	mobile
241.052329302112	mobile
241.533587130722	mobile
239.207523123458	mobile
241.078786585933	mobile
240.939455101382	mobile
239.635571016776	mobile
239.307193296248	mobile
237.675270616936	mobile
237.63767687873	mobile
241.088867374455	mobile
239.813874621902	mobile
237.636440710414	mobile
237.717344097843	mobile
240.866849357028	mobile
239.902178609912	mobile
241.103121598486	mobile
237.439780552775	mobile
238.65485196064	mobile
238.729311957467	mobile
241.167867281469	mobile
240.767912133594	mobile
237.599054823518	mobile
242.181667514481	mobile
240.202917576016	mobile
239.060862145354	mobile
240.392609245007	mobile
239.916317968746	mobile
241.907380362427	mobile
239.857796885512	mobile
241.722879506408	mobile
238.913894860056	mobile
238.839708351794	mobile
239.03895024149	mobile
238.329323990964	mobile
241.200702318636	mobile
240.757153093429	mobile
241.592157441897	mobile
241.630177822265	mobile
237.004594607899	mobile
241.067387582525	mobile
239.573549279905	mobile
241.061666201736	mobile
239.46650585539	mobile
238.565486836995	mobile
238.925802552195	mobile
240.103499012706	mobile
237.61135086942	mobile
236.941730526247	mobile
240.013515804904	mobile
239.198902763875	mobile
239.481503968319	mobile
239.929604043255	mobile
241.289925228226	mobile
240.128572444386	mobile
241.665993884796	mobile
240.050048407476	mobile
238.736006957549	mobile
238.954967372814	mobile
239.562489402318	mobile
239.358040290335	mobile
239.442313056891	mobile
237.453936320922	mobile
240.117600083141	mobile
242.698123321464	mobile
240.404456769662	mobile
240.835562265142	mobile
241.266361453428	mobile
238.823211521526	mobile
240.549465876832	mobile
237.417469355606	mobile
241.452656394436	mobile
238.857140512955	mobile
240.998430175634	mobile
240.666229084962	mobile
238.309725800364	mobile
240.715139780006	mobile
236.718881103581	mobile
238.819585063149	mobile
238.400332562096	mobile
240.14112556954	mobile
238.622952254366	mobile
238.290855089349	mobile
240.858146950876	mobile
238.573346898366	mobile
237.195588082462	mobile
238.89443888351	mobile
239.121242950832	mobile
239.571377780695	mobile
238.943995011569	mobile
239.63571323083	mobile
241.832603118864	mobile
239.752662411185	mobile
239.374165176154	mobile
242.124404478649	mobile
240.98578953414	mobile
237.821275222483	mobile
239.470881672437	mobile
240.772774760287	mobile
238.797563763859	mobile
239.475946680669	mobile
238.234850100917	mobile
238.823074777244	mobile
239.122790896113	mobile
240.349458219152	mobile
241.469043829277	mobile
241.5032791279	mobile
238.562648025686	mobile
239.317099052089	mobile
240.839757579736	mobile
240.619927470832	mobile
240.729765948486	mobile
236.123737166549	mobile
238.511243114925	mobile
241.146152289373	mobile
239.385219583969	mobile
240.121921202475	mobile
240.863436219732	mobile
240.510756305279	mobile
241.182783347828	mobile
238.549252555751	mobile
235.962285926825	mobile
237.062546834917	mobile
239.696433162129	mobile
239.57983951691	mobile
238.206533094851	mobile
241.848963204848	mobile
238.187181043961	mobile
242.174146578932	mobile
240.401054571908	mobile
239.465466598842	mobile
240.463688923166	mobile
240.134643890539	mobile
239.32612964452	mobile
240.278411359621	mobile
239.836103772501	mobile
242.889915382638	mobile
242.017732998583	mobile
242.152070581929	mobile
241.545270562238	mobile
239.165176153985	mobile
240.156249487209	mobile
238.628635346756	mobile
241.319062699989	mobile
239.51665271875	mobile
239.93008538313	mobile
239.534358368477	mobile
238.513622465445	mobile
239.898929565755	mobile
239.448373563501	mobile
241.990920179627	mobile
242.55267663259	mobile
240.296423316541	mobile
238.381593125591	mobile
242.335712683853	mobile
239.13406409478	mobile
238.723535878965	mobile
237.078223199488	mobile
238.774907971098	mobile
238.907648381221	mobile
239.2088686872	mobile
240.454182460631	mobile
239.771095540495	mobile
239.631375702182	mobile
239.696181552649	mobile
237.176739250532	mobile
240.568320178533	mobile
240.203256701837	mobile
241.84152978564	mobile
240.11274839599	mobile
241.406901757438	mobile
238.436739359927	mobile
238.993250302205	mobile
240.904672825629	mobile
237.584800599487	mobile
239.681041225666	mobile
239.345334011585	mobile
239.144752027918	mobile
238.981878647654	mobile
239.231918303496	mobile
240.067721238575	mobile
240.485414854805	mobile
242.162255296106	mobile
241.471516165909	mobile
236.938038430613	mobile
236.842536223561	mobile
238.776198837127	mobile
239.541731620201	mobile
240.564119394168	mobile
236.996291495053	mobile
239.551582678328	mobile
237.43687610421	mobile
241.076762770549	mobile
240.416391810658	mobile
244.229156068985	mobile
238.920567981053	mobile
240.924079574233	mobile
241.758788555051	mobile
238.095004457864	mobile
239.477188318756	mobile
238.944443532816	mobile
238.644946204799	mobile
238.60382993387	mobile
240.657335236814	mobile
239.102875458777	mobile
238.525738008894	mobile
240.172598633651	mobile
238.538515394671	mobile
238.835704479196	mobile
237.915492033278	mobile
239.369143926092	mobile
238.043161965398	mobile
238.201287584166	mobile
238.836174879528	mobile
239.859312012165	mobile
240.78243984619	mobile
238.302932344399	mobile
239.843477024226	mobile
238.387276217981	mobile
239.414991549203	mobile
241.789550548892	mobile
239.206658899591	mobile
240.891665709457	mobile
239.465225928904	mobile
240.475820875929	mobile
241.041411638579	mobile
238.006831744365	mobile
241.562500341861	mobile
240.505614720249	mobile
242.397515629872	mobile
238.904213364839	mobile
238.576902249717	mobile
239.426401492154	mobile
239.964451956264	mobile
240.980390869858	mobile
239.179430378016	mobile
237.726653648611	mobile
239.647861592907	mobile
240.586042237574	mobile
238.781597501408	mobile
240.327245477867	mobile
244.017732998583	mobile
240.450304392773	mobile
238.985871580709	mobile
237.309993819158	mobile
241.796037697664	mobile
238.189533045623	mobile
240.01867926902	mobile
240.87964315212	mobile
240.97722387227	mobile
241.389217986796	mobile
239.690033529698	mobile
240.61323247075	mobile
240.250159990811	mobile
237.932196714855	mobile
239.49667711393	mobile
239.904825979226	mobile
242.148460532865	mobile
241.879785366174	mobile
237.066074837411	mobile
240.677179567122	mobile
238.087932043561	mobile
240.506681325654	mobile
235.996302434595	mobile
238.564272547765	mobile
238.408931042593	mobile
238.051837022694	mobile
238.033267149101	mobile
238.473425116096	mobile
239.249328585572	mobile
238.954179725746	mobile
240.777582689268	mobile
236.570065035581	mobile
239.518523380537	mobile
240.709560613271	mobile
239.987539860958	mobile
240.856254410003	mobile
240.290767573008	mobile
241.043528440076	mobile
239.641002499685	mobile
239.041810931885	mobile
239.576382621443	mobile
239.925425137975	mobile
240.792919928018	mobile
239.754275993721	mobile
240.611427446218	mobile
240.414657893153	mobile
241.826635598366	mobile
238.749200045946	mobile
239.946516576142	mobile
239.347795408674	mobile
238.190758274397	mobile
239.112513195823	mobile
240.000284428108	mobile
238.706191234145	mobile
239.878111616153	mobile
239.803957926519	mobile
237.725559694349	mobile
240.647992867418	mobile
240.310551735832	mobile
237.334394468967	mobile
240.019745874425	mobile
239.39353910613	mobile
237.017027398084	mobile
242.179506954814	mobile
239.934122074356	mobile
240.101579122977	mobile
239.999688223035	mobile
238.11316956838	mobile
238.651892814361	mobile
240.477062514016	mobile
237.955908173479	mobile
240.511954185196	mobile
241.249262948316	mobile
239.825186108969	mobile
241.145233367793	mobile
240.516056513677	mobile
235.433730985707	mobile
238.668176323548	mobile
237.523484463115	mobile
240.411376030368	mobile
244.654665988415	mobile
237.554465247808	mobile
238.030061863114	mobile
241.244876191726	mobile
240.953731204498	mobile
239.634493471828	mobile
239.530250570224	mobile
238.823632693917	mobile
240.421730307456	mobile
240.744692954388	mobile
238.157009785421	mobile
241.913927678684	mobile
238.096612570628	mobile
239.50808705688	mobile
239.474962121834	mobile
241.666617438725	mobile
241.891944667793	mobile
240.155489188997	mobile
239.804236884856	mobile
239.52877373197	mobile
239.199952959967	mobile
238.562587858202	mobile
238.518654655049	mobile
239.813628482193	mobile
240.571038654874	mobile
241.429054331238	mobile
238.942764313024	mobile
240.197546260591	mobile
238.883515750206	mobile
239.809192497662	mobile
237.701421593563	mobile
236.264414214842	mobile
238.319341658325	mobile
241.062842202568	mobile
238.456244564415	mobile
240.706114657346	mobile
238.792766774421	mobile
237.798745234462	mobile
240.638021474322	mobile
238.87617531711	mobile
434.380069406018	desktop
435.871168285774	desktop
432.647225774771	desktop
435.449484585195	desktop
436.180770795238	desktop
434.504095101635	desktop
433.196176439332	desktop
431.663292864812	desktop
432.832372007461	desktop
435.498424256194	desktop
433.462042896877	desktop
437.324504281992	desktop
436.757454550785	desktop
436.174764646172	desktop
433.46352153089	desktop
435.649321880485	desktop
433.680226613946	desktop
436.409995712511	desktop
436.692522912414	desktop
436.108614554742	desktop
434.121103240535	desktop
434.96390447328	desktop
436.030028913067	desktop
434.754504611799	desktop
434.015099656634	desktop
436.496247531029	desktop
433.117799675324	desktop
435.817616815752	desktop
437.000560671633	desktop
432.031478230916	desktop
432.838599860015	desktop
435.062359144994	desktop
438.29749126928	desktop
435.485537969929	desktop
435.194827895796	desktop
432.904718803021	desktop
438.077768453609	desktop
433.627043428232	desktop
435.545306298944	desktop
433.268057840791	desktop
433.218141575084	desktop
434.854738408206	desktop
435.891050141634	desktop
434.052212087787	desktop
431.276312173171	desktop
433.446523652647	desktop
434.95725336861	desktop
436.865904202106	desktop
432.321160407055	desktop
433.843825466219	desktop
433.579866391583	desktop
437.478802581288	desktop
435.752538596562	desktop
434.958129189005	desktop
432.78609644285	desktop
437.338603524536	desktop
436.737032178154	desktop
435.534162492167	desktop
434.437091176934	desktop
432.102031243702	desktop
436.91106208797	desktop
438.869264567385	desktop
432.763658583956	desktop
434.200500573497	desktop
435.167376972886	desktop
437.540166808972	desktop
435.628831714226	desktop
435.586160205506	desktop
432.65593817221	desktop
437.669201904085	desktop
435.747798539322	desktop
434.701676884571	desktop
434.921016757852	desktop
436.037883812714	desktop
434.039716072953	desktop
439.37052699469	desktop
432.181763880287	desktop
435.365418653142	desktop
433.341604766808	desktop
434.449237230062	desktop
433.803248230953	desktop
433.16633441681	desktop
435.975233338342	desktop
434.063500643123	desktop
434.267689556483	desktop
434.659020033933	desktop
436.867879378644	desktop
436.842881852195	desktop
435.893452234808	desktop
436.57556058002	desktop
434.327063949547	desktop
434.478820903891	desktop
434.569860418415	desktop
433.28265545812	desktop
434.603687606958	desktop
434.302264307204	desktop
434.743406611528	desktop
434.772380142696	desktop
436.67520805315	desktop
434.186923525122	desktop
435.252415835126	desktop
435.495446833305	desktop
433.851020752179	desktop
436.913982710792	desktop
436.861897048962	desktop
437.546401990568	desktop
433.20571885066	desktop
434.246898899544	desktop
434.100558106469	desktop
436.356733739607	desktop
433.812581764613	desktop
435.798295631525	desktop
435.320552096655	desktop
436.630303019198	desktop
433.34796637436	desktop
434.789112343204	desktop
435.78594253299	desktop
437.191108407509	desktop
435.324834088835	desktop
434.935826917369	desktop
435.764371333189	desktop
435.626479092078	desktop
434.658239491071	desktop
434.498644127423	desktop
435.343209826778	desktop
436.205614411826	desktop
432.51644087113	desktop
433.354430588485	desktop
432.775731346675	desktop
434.418852858509	desktop
435.061465001997	desktop
436.39981750688	desktop
433.724977738038	desktop
434.214676770971	desktop
434.851268107312	desktop
431.665526390044	desktop
432.956612077527	desktop
434.296408403478	desktop
432.781008256165	desktop
435.285957191072	desktop
436.779340899347	desktop
438.219033885821	desktop
435.692937003228	desktop
434.546304880775	desktop
436.678608728155	desktop
434.032590412882	desktop
432.558132120621	desktop
436.39109961266	desktop
434.740559279116	desktop
433.004703412035	desktop
433.915140699264	desktop
433.574928450238	desktop
435.868698398971	desktop
437.078360273666	desktop
431.523956802633	desktop
434.981442868293	desktop
430.474044201446	desktop
432.330787102354	desktop
435.497698681139	desktop
431.192583377002	desktop
435.098718517188	desktop
436.875761762195	desktop
433.563108539432	desktop
433.958565266942	desktop
438.836639341559	desktop
434.881342826884	desktop
435.434176050893	desktop
434.847601754572	desktop
435.044014555475	desktop
436.590028106872	desktop
434.19394657862	desktop
438.441098330078	desktop
434.558439940342	desktop
434.892288749556	desktop
435.608638374126	desktop
434.145866237673	desktop
435.104383865849	desktop
436.524129035095	desktop
434.502865655015	desktop
434.451005361193	desktop
434.912711122186	desktop
433.695439870716	desktop
438.237886011426	desktop
437.30689626109	desktop
432.596561946886	desktop
434.202162433535	desktop
436.043199199669	desktop
434.661693301623	desktop
434.067232957231	desktop
432.928884483321	desktop
436.105666448017	desktop
436.147685672091	desktop
433.96887539531	desktop
433.995250781459	desktop
436.711767141711	desktop
434.345258293726	desktop
433.262753447398	desktop
435.850557190339	desktop
434.524951719943	desktop
436.01170264615	desktop
433.814560605672	desktop
434.46764961321	desktop
434.187394416004	desktop
432.647480458945	desktop
437.193699223488	desktop
437.539571324394	desktop
430.7032746155	desktop
435.041790191544	desktop
437.205993689696	desktop
434.928838676815	desktop
436.633793474955	desktop
435.305945318025	desktop
434.499833264318	desktop
433.737525056159	desktop
436.710610985499	desktop
432.149721313218	desktop
436.65272438775	desktop
436.854747569507	desktop
436.99533506543	desktop
432.445722954923	desktop
436.496835686566	desktop
436.386539116924	desktop
433.709735165105	desktop
433.007376679725	desktop
436.105204718437	desktop
436.628505571903	desktop
435.261335277972	desktop
432.730159369996	desktop
435.475973571478	desktop
434.71306438196	desktop
434.997101364301	desktop
433.853695852129	desktop
438.686197950067	desktop
435.81592380729	desktop
436.245125271633	desktop
434.230005460135	desktop
434.760496102782	desktop
436.069530611572	desktop
435.782868000308	desktop
436.00757273157	desktop
431.727914851202	desktop
434.472347528464	desktop
434.695819148585	desktop
434.077275575605	desktop
438.201876600937	desktop
434.764167952303	desktop
434.085478604697	desktop
432.235734937905	desktop
433.132697783332	desktop
434.810293271574	desktop
435.534204634153	desktop
435.99212494549	desktop
435.172741830868	desktop
435.261947252892	desktop
432.766753271501	desktop
438.532114025219	desktop
433.882486157274	desktop
433.108478967485	desktop
435.922284681938	desktop
434.051352757735	desktop
433.668348070813	desktop
432.39079545746	desktop
436.436343614756	desktop
433.565140516038	desktop
434.371426634468	desktop
437.008858978258	desktop
436.168395709579	desktop
437.28028634563	desktop
434.217963845841	desktop
435.696759098088	desktop
437.097681457893	desktop
438.123290959262	desktop
436.374394896056	desktop
435.258275403372	desktop
436.424761897782	desktop
433.634601501721	desktop
434.711503296236	desktop
436.443137635725	desktop
436.755600303422	desktop
435.908810240136	desktop
433.848697446196	desktop
437.018075247264	desktop
433.249857999831	desktop
438.699267462356	desktop
434.484546717139	desktop
434.341361076196	desktop
435.39652859975	desktop
437.326349368053	desktop
433.073717326219	desktop
433.651293392503	desktop
431.741541370604	desktop
432.832377504242	desktop
435.616379673638	desktop
435.033480891358	desktop
432.802354087956	desktop
437.349087717627	desktop
432.967257509519	desktop
436.016853129684	desktop
434.926244196316	desktop
432.889626475428	desktop
436.306837628762	desktop
436.552569378534	desktop
433.589799074342	desktop
437.519064667793	desktop
435.063940385581	desktop
435.059592432032	desktop
438.008994565516	desktop
436.45380505484	desktop
436.042424153587	desktop
436.970823087945	desktop
431.309525554534	desktop
434.286015823399	desktop
434.621455034501	desktop
436.399452887092	desktop
433.685787523774	desktop
435.142987756837	desktop
439.872256648356	desktop
434.298938754869	desktop
434.665830545244	desktop
433.397706743084	desktop
434.664207162672	desktop
436.090922249869	desktop
435.454840281875	desktop
436.865713647041	desktop
436.869235251221	desktop
436.327100594752	desktop
435.488799393155	desktop
432.136758072022	desktop
432.94508899288	desktop
437.062274861023	desktop
433.817288841169	desktop
435.72017721621	desktop
435.650866475867	desktop
435.607733237567	desktop
433.3898719983	desktop
439.427143836093	desktop
433.392803614683	desktop
435.074732398392	desktop
435.58787153657	desktop
435.586533986595	desktop
432.809362483372	desktop
437.176935874556	desktop
434.127155196107	desktop
436.062976616695	desktop
438.590836133638	desktop
432.978077006233	desktop
435.245249865329	desktop
433.216979922092	desktop
434.734827969086	desktop
436.60263222506	desktop
432.654115073272	desktop
435.073152990065	desktop
437.349223304884	desktop
435.910169777234	desktop
432.792261998556	desktop
434.037935116	desktop
437.235832047697	desktop
434.161640166076	desktop
430.83993740999	desktop
435.52409238989	desktop
434.435548413812	desktop
435.696242400701	desktop
436.926344970629	desktop
436.816766647	desktop
435.356504707077	desktop
435.935575897716	desktop
437.757249337638	desktop
434.451767581453	desktop
435.029493893077	desktop
431.215690010884	desktop
438.683291985327	desktop
434.433395508031	desktop
435.166360068453	desktop
434.839087241239	desktop
431.646637619234	desktop
434.796624610187	desktop
432.45204974953	desktop
435.29909816151	desktop
434.858538515942	desktop
432.52362882805	desktop
437.569165991784	desktop
435.435742633398	desktop
436.900799598369	desktop
438.11494134935	desktop
434.443216422915	desktop
434.750548761942	desktop
433.269648242679	desktop
434.67780986269	desktop
432.221392004749	desktop
435.227753612301	desktop
436.53801207093	desktop
432.140076295316	desktop
434.634922147262	desktop
436.391372619436	desktop
435.648733724948	desktop
434.011605536358	desktop
433.964379028682	desktop
437.55330228263	desktop
434.075707160839	desktop
433.722135902406	desktop
437.088809653813	desktop
436.693123893773	desktop
433.703674048232	desktop
430.188878546798	desktop
433.544578891629	desktop
433.517089491255	desktop
437.606401184373	desktop
432.958334402152	desktop
436.675713756976	desktop
435.26085889031	desktop
437.883132945138	desktop
431.898106175816	desktop
437.01002063125	desktop
434.464459648133	desktop
434.727467779704	desktop
434.632705112373	desktop
436.15066126272	desktop
433.209212970937	desktop
434.614294561485	desktop
436.452315427265	desktop
433.73592915749	desktop
432.344552873534	desktop
434.769477842477	desktop
433.398419492317	desktop
433.740511640349	desktop
434.227574050798	desktop
434.821911633753	desktop
434.819646960097	desktop
434.960829940598	desktop
435.324909211505	desktop
434.760952335582	desktop
434.209557435862	desktop
436.264415307435	desktop
435.478304206503	desktop
433.298663915833	desktop
436.228770516734	desktop
434.376982047514	desktop
435.831036289746	desktop
435.116485944732	desktop
437.617070435748	desktop
436.488264373165	desktop
435.456326244929	desktop
433.181943441791	desktop
434.79068259023	desktop
434.827177549682	desktop
434.979792001818	desktop
433.693550810409	desktop
433.502096105714	desktop
434.566342478755	desktop
433.298733541722	desktop
434.252912377651	desktop
436.03135363722	desktop
436.754167475915	desktop
433.198598687369	desktop
433.721492779062	desktop
434.625781000927	desktop
434.195894271255	desktop
432.637082382085	desktop
433.857706669794	desktop
433.914944647418	desktop
432.837762517086	desktop
432.269562126448	desktop
434.283073213455	desktop
434.535901307134	desktop
433.617733713955	desktop
434.394025732263	desktop
433.107969599138	desktop
433.544525756082	desktop
435.775656224005	desktop
433.581685826001	desktop
435.38046517423	desktop
433.770863031218	desktop
434.27668961878	desktop
434.471072275337	desktop
434.419338407473	desktop
432.336657664161	desktop
432.63061816796	desktop
434.529726590127	desktop
435.621966235108	desktop
434.483975051945	desktop
431.716661108811	desktop
436.924353303748	desktop
432.815372296958	desktop
433.955349650222	desktop
436.889529365635	desktop
435.021613341786	desktop
436.48149600384	desktop
432.893476054191	desktop
435.32441083672	desktop
438.998884153514	desktop
435.492148764873	desktop
436.081707813124	desktop
435.60920454254	desktop
435.213680021401	desktop
435.814516631426	desktop
436.15723174794	desktop
435.283095200578	desktop
433.601089461938	desktop
434.108052050849	desktop
432.593566201395	desktop
434.9054755265	desktop
433.138931132667	desktop
433.116791932192	desktop
434.744894406842	desktop
433.423272270207	desktop
435.583071014742	desktop
435.627530809456	desktop
432.374457192904	desktop
435.064292179547	desktop
437.763713551763	desktop
435.416119126232	desktop
434.141604400356	desktop
434.895517192098	desktop
436.359168813465	desktop
437.534039730731	desktop
434.94432677262	desktop
433.330154972571	desktop
435.836674154503	desktop
435.286950276122	desktop
434.702228394903	desktop
436.639828940184	desktop
435.03808536134	desktop
436.075844580357	desktop
433.704471081437	desktop
434.37740896415	desktop
437.734087735949	desktop
434.748296914107	desktop
432.937179125426	desktop
433.825336128141	desktop
435.445741277525	desktop
436.218689420896	desktop
436.828995151839	desktop
434.874572625299	desktop
437.969905125565	desktop
434.741898661351	desktop
435.744696522736	desktop
436.355238615251	desktop
433.027287851748	desktop
435.463963105608	desktop
435.557787655696	desktop
437.142555343421	desktop
436.803862038133	desktop
433.905535991088	desktop
434.52171778062	desktop
438.188946340427	desktop
436.668648561492	desktop
433.703598925563	desktop
436.147484123465	desktop
437.512783679692	desktop
434.329480700803	desktop
433.120269562126	desktop
434.371655666998	desktop
435.761650426733	desktop
436.409413053755	desktop
434.015535734571	desktop
432.916721939851	desktop
434.068390945703	desktop
434.940706226387	desktop
435.847744670871	desktop
435.300987221817	desktop
437.662926412764	desktop
434.683262669163	desktop
435.974881544376	desktop
434.041586810658	desktop
432.767317607654	desktop
436.256507272241	desktop
434.601476068849	desktop
433.985422537534	desktop
432.165733435451	desktop
436.120733123967	desktop
432.637375543723	desktop
431.46275381385	desktop
434.848688284894	desktop
435.125278961621	desktop
436.394720158894	desktop
437.960069552599	desktop
438.665751758054	desktop
436.011502929784	desktop
437.76682106513	desktop
436.13222322793	desktop
435.76881089975	desktop
434.248663366155	desktop
435.156060933647	desktop
434.874002792365	desktop
435.219735641493	desktop
434.133725681326	desktop
436.601164584608	desktop
435.453552202926	desktop
434.077715318062	desktop
433.790112757295	desktop
432.507895209372	desktop
434.218344955971	desktop
434.091444444037	desktop
434.729639008088	desktop
435.098870594788	desktop
435.752379189921	desktop
433.701784987925	desktop
435.722405244662	desktop
435.396184134825	desktop
432.978000051303	desktop
434.047602121024	desktop
435.497383532378	desktop
434.330021217574	desktop
434.617755701078	desktop
435.296903113743	desktop
433.447956480155	desktop
436.057796816997	desktop
435.8412364825	desktop
434.850163254387	desktop
433.847255457387	desktop
435.179887645802	desktop
433.064081469619	desktop
433.405521333006	desktop
432.941693814656	desktop
436.639101532869	desktop
433.164372066093	desktop
433.169480407641	desktop
437.107093778744	desktop
435.122351009759	desktop
436.544758453133	desktop
432.637650382759	desktop
436.881960298585	desktop
433.493178495128	desktop
435.501194633676	desktop
433.220957759072	desktop
438.740315588504	desktop
431.493380043754	desktop
435.740916569862	desktop
437.582325284825	desktop
434.030924888324	desktop
434.408476768772	desktop
433.466768296035	desktop
432.842372483849	desktop
435.570928626135	desktop
434.153004723567	desktop
436.649706655136	desktop
435.571919878924	desktop
432.778586008128	desktop
434.324060875014	desktop
436.811236885597	desktop
436.064753909127	desktop
434.345261958246	desktop
434.32456474658	desktop
433.214497209468	desktop
435.063055403885	desktop
432.068924133433	desktop
436.714966268089	desktop
432.486651984155	desktop
433.362221359024	desktop
436.37618501431	desktop
434.254642031317	desktop
432.902620865047	desktop
432.247107777212	desktop
435.477584128229	desktop
436.874719206118	desktop
435.195285960856	desktop
433.360055627421	desktop
437.086462528446	desktop
434.48608398348	desktop
436.552933998322	desktop
435.416808056082	desktop
434.332456291432	desktop
433.653970324713	desktop
436.994979606944	desktop
434.109631459175	desktop
432.797093668808	desktop
432.334537739064	desktop
437.373035358958	desktop
435.444806824803	desktop
436.491807964469	desktop
436.55001704002	desktop
435.53762546402	desktop
436.776773902751	desktop
434.87863474625	desktop
435.969247344139	desktop
433.822692176615	desktop
434.726262152466	desktop
437.099425769641	desktop
434.669603169077	desktop
434.601547526998	desktop
434.273309098638	desktop
435.135147515272	desktop
431.57808360237	desktop
432.322327556828	desktop
435.930082781518	desktop
434.55728011961	desktop
437.000267509995	desktop
434.392953860023	desktop
435.559962548601	desktop
437.551211673696	desktop
433.330853063722	desktop
434.069299746782	desktop
436.714108770297	desktop
436.161968140659	desktop
435.009381172427	desktop
438.45556952145	desktop
436.829374429709	desktop
433.816337898104	desktop
433.948744352058	desktop
433.483575619212	desktop
434.989501148827	desktop
435.159472602213	desktop
436.986562203403	desktop
434.493647553749	desktop
435.630614503439	desktop
434.761021961471	desktop
436.598167006856	desktop
433.406617024629	desktop
435.379442773016	desktop
434.979361420661	desktop
435.790710074133	desktop
435.280786552676	desktop
436.832575388348	desktop
437.880386387039	desktop
433.728858465226	desktop
434.558300688563	desktop
435.03900515598	desktop
435.159348008516	desktop
436.62320301077	desktop
437.190410316358	desktop
433.424149922862	desktop
435.388151505935	desktop
431.542757624951	desktop
439.873114146148	desktop
434.594727854387	desktop
434.782092954226	desktop
434.799206264864	desktop
434.556422621818	desktop
434.132364311968	desktop
436.360630957136	desktop
435.470429151993	desktop
436.255078109254	desktop
435.820958858429	desktop
434.352024830791	desktop
437.204910823894	desktop
436.122213590241	desktop
434.468023394299	desktop
435.847762993474	desktop
435.239439768109	desktop
436.245539362447	desktop
435.370803665986	desktop
435.360563163507	desktop
435.30858194051	desktop
433.254044714479	desktop
431.468461304496	desktop
436.60943907185	desktop
432.719682505946	desktop
433.302218500698	desktop
435.125909259144	desktop
433.337934749548	desktop
431.519760926684	desktop
434.056129460179	desktop
435.199976547069	desktop
432.814844606009	desktop
435.083411815147	desktop
433.504791360526	desktop
437.122686313382	desktop
434.371716131586	desktop
436.051061428357	desktop
435.226337275136	desktop
434.241438764031	desktop
435.557980043021	desktop
435.932017648331	desktop
433.68950884432	desktop
433.638846848696	desktop
436.054577535757	desktop
434.19944702386	desktop
438.877458435176	desktop
435.703939725967	desktop
433.146304147871	desktop
433.658496007505	desktop
435.519586861961	desktop
434.928686599215	desktop
433.630590684056	desktop
435.82846379637	desktop
431.721661347004	desktop
435.033915137035	desktop
436.077960840934	desktop
430.822842421955	desktop
432.736947894183	desktop
433.845250964685	desktop
436.531492888998	desktop
432.834154796674	desktop
433.828808261295	desktop
435.630304851459	desktop
433.206964787623	desktop
437.561344072821	desktop
432.608044721808	desktop
432.357188140146	desktop
433.144446235988	desktop
435.298480689809	desktop
433.504391927794	desktop
435.551906100327	desktop
433.62504076779	desktop
431.972407993052	desktop
432.249892812776	desktop
435.171428100276	desktop
434.80284330144	desktop
435.524468003239	desktop
436.366681080447	desktop
434.909046601707	desktop
433.478423303419	desktop
435.619428554676	desktop
434.140393276338	desktop
434.909105234035	desktop
435.466574076449	desktop
433.225611700081	desktop
436.047351101372	desktop
433.21329158223	desktop
435.283472646187	desktop
436.463957608827	desktop
436.847847277444	desktop
434.782943122978	desktop
435.980240905576	desktop
434.124012869796	desktop
432.895720572984	desktop
429.571020239147	desktop
433.197499331225	desktop
434.76384180998	desktop
433.351095874849	desktop
436.113048624522	desktop
436.764972314548	desktop
437.581324870734	desktop
437.52355553764	desktop
435.881832040368	desktop
433.179024651229	desktop
432.25948469513	desktop
433.721923360219	desktop
433.904409151041	desktop
436.130000696259	desktop
435.0223315878	desktop
433.014663578697	desktop
435.242224803673	desktop
435.595127287119	desktop
433.87029796216	desktop
430.941763440545	desktop
434.255210031991	desktop
435.122629513315	desktop
433.194827895796	desktop
434.301983971387	desktop
434.88283795124	desktop
435.801896022896	desktop
433.438036623218	desktop
434.142056968635	desktop
435.77714585158	desktop
434.694265391902	desktop
436.804003122171	desktop
435.751829511849	desktop
434.81385885	desktop
434.967052296372	desktop
437.240341240147	desktop
435.68897015981	desktop
435.600023086479	desktop
439.039507195286	desktop
436.475105080125	desktop
434.796434055122	desktop
436.447520402218	desktop
436.607178062715	desktop
436.488519057339	desktop
435.521759922605	desktop
431.408834059519	desktop
433.49609728569	desktop
431.998975766526	desktop
436.449035681436	desktop
435.818730829977	desktop
433.693433545753	desktop
434.479038942859	desktop
436.358349793138	desktop
434.18017531066	desktop
434.099064814374	desktop
436.834411313108	desktop
433.389835353095	desktop
433.70197187847	desktop
434.335510669251	desktop
435.24411386398	desktop
434.399546332365	desktop
435.364649103842	desktop
432.346473082265	desktop
434.226727546567	desktop
434.424712426755	desktop
434.528766485761	desktop
432.783961859671	desktop
435.82219380183	desktop
434.722289812267	desktop
434.734794988402	desktop
437.235419789143	desktop
436.0653127485	desktop
434.480211589412	desktop
437.000419587595	desktop
435.784821189723	desktop
434.148532176322	desktop
436.265534818441	desktop
432.554661819728	desktop
434.761179535852	desktop
437.390744154174	desktop
435.629456514968	desktop
434.363373850715	desktop
437.320749980761	desktop
436.629086398399	desktop
431.722194534734	desktop
435.591576366775	desktop
434.498109107433	desktop
435.328680003078	desktop
432.872194351508	desktop
433.633342738936	desktop
435.942052937663	desktop
436.390813780063	desktop
435.382784815693	desktop
433.846802889108	desktop
437.785299409646	desktop
433.549276806883	desktop
431.442406563889	desktop
436.670372718378	desktop
436.499516283297	desktop
433.065981523488	desktop
435.2486981791	desktop
435.029733919168	desktop
434.180571078871	desktop
437.418295851396	desktop
436.234393723409	desktop
433.853228625768	desktop
433.239456258451	desktop
438.461066302169	desktop
430.83519552049	desktop
433.651000230865	desktop
436.764180778124	desktop
436.214944280966	desktop
432.695445367496	desktop
434.411540307893	desktop
436.031575340709	desktop
435.214557674056	desktop
436.512417227644	desktop
435.20847457006	desktop
435.107665443938	desktop
436.264706636813	desktop
434.011050361505	desktop
434.364169051659	desktop
434.35752344377	desktop
435.637994847684	desktop
435.751175394944	desktop
434.38192365338	desktop
432.334363674341	desktop
434.057978210761	desktop
431.414640492218	desktop
433.145503450146	desktop
433.737547043282	desktop
434.430476717469	desktop
435.58924756401	desktop
433.919411697882	desktop
433.214451402962	desktop
434.688957333988	desktop
438.086621935087	desktop
433.389762062685	desktop
431.547325449728	desktop
435.429428664612	desktop
435.921040577235	desktop
435.323208874003	desktop
436.115496524202	desktop
437.384741669629	desktop
436.360986415623	desktop
434.524997526449	desktop
433.638156086585	desktop
436.299464613558	desktop
439.694122475603	desktop
434.139700681967	desktop
433.952540795274	desktop
435.111784364957	desktop
434.303294037459	desktop
432.201532136012	desktop
435.00106820772	desktop
434.190086006296	desktop
434.839664403214	desktop
434.693548978148	desktop
433.750261097084	desktop
434.938166713695	desktop
436.589560880511	desktop
441.747001506118	desktop
437.295356686101	desktop
433.806505989659	desktop
437.280777391374	desktop
431.925789795776	desktop
432.834323364616	desktop
433.602498470063	desktop
434.86639524785	desktop
435.674099535705	desktop
432.875442948913	desktop
435.014855966023	desktop
437.300193853133	desktop
431.098302594114	desktop
433.423268605687	desktop
435.521223070355	desktop
434.254218779202	desktop
434.26414413292	desktop
434.381643317564	desktop
437.085487765998	desktop
436.408967814517	desktop
436.740420027337	desktop
436.211787296573	desktop
436.079252584403	desktop
432.808078068944	desktop
