session_events	type
2.10168304863174	mobile
2.08772966202283	mobile
2.07223379990483	mobile
2.10130016464012	mobile
2.10240505844451	mobile
2.09027310568145	mobile
2.08938700272942	mobile
2.08085415948759	mobile
2.09119202726134	mobile
2.09486224380959	mobile
2.07589854668176	mobile
2.07981490293891	mobile
2.08270294218999	mobile
2.11531371873342	mobile
2.096782133539	mobile
2.11059877586518	mobile
2.1078967088386	mobile
2.08247868156632	mobile
2.1059221213961	mobile
2.10032107557583	mobile
2.09957718667782	mobile
2.0882055321267	mobile
2.08272482127522	mobile
2.08978629603496	mobile
2.0795031259743	mobile
2.09686964987994	mobile
2.11098712962811	mobile
2.0921547070117	mobile
2.0917225950783	mobile
2.09913960497312	mobile
2.08935965387287	mobile
2.09309550767682	mobile
2.09812769728098	mobile
2.10736614102164	mobile
2.09498804854969	mobile
2.09701186393397	mobile
2.07927886535064	mobile
2.09013089162742	mobile
2.1049320927892	mobile
2.07232131624577	mobile
2.09540375116916	mobile
2.08727020123289	mobile
2.08165274609869	mobile
2.08471581803165	mobile
2.09773934351805	mobile
2.0917225950783	mobile
2.12130858808793	mobile
2.09145457628417	mobile
2.10126187624095	mobile
2.09105528297862	mobile
2.10854214185305	mobile
2.08634580988169	mobile
2.08695842426828	mobile
2.08328273794873	mobile
2.08024701487231	mobile
2.09548032796749	mobile
2.10238317935927	mobile
2.10078053636577	mobile
2.0975861899214	mobile
2.09496069969315	mobile
2.09418399216729	mobile
2.08719909420587	mobile
2.09341275441274	mobile
2.10102667607467	mobile
2.08625829354075	mobile
2.10535873495129	mobile
2.08383518485092	mobile
2.11274839598956	mobile
2.09776669237459	mobile
2.09649770543094	mobile
2.08899317919518	mobile
2.09191403707411	mobile
2.09269621437128	mobile
2.10122358784179	mobile
2.10282076106398	mobile
2.09547485819618	mobile
2.09069427807223	mobile
2.10067661071091	mobile
2.09615857960979	mobile
2.09373547091996	mobile
2.09273997254175	mobile
2.08403209661804	mobile
2.09682042193816	mobile
2.08601215383185	mobile
2.0817840206101	mobile
2.12227126783829	mobile
2.10223002576262	mobile
2.09113185977694	mobile
2.07650022152574	mobile
2.08197546260591	mobile
2.10163929046127	mobile
2.09325413104478	mobile
2.09051377561904	mobile
2.09980144730149	mobile
2.0885774765757	mobile
2.08922290959015	mobile
2.10165569977519	mobile
2.11400097361929	mobile
2.07362312181728	mobile
2.0812315737079	mobile
2.0864114471374	mobile
2.09585227241649	mobile
2.09549126751011	mobile
2.07892879998687	mobile
2.10340055682272	mobile
2.08213955574517	mobile
2.08422353861385	mobile
2.08563473961154	mobile
2.09085290144019	mobile
2.09470909021294	mobile
2.08682167998556	mobile
2.08850636954869	mobile
2.09469815067032	mobile
2.09674931491114	mobile
2.0866630566176	mobile
2.09337446601358	mobile
2.10676993594898	mobile
2.11718985029236	mobile
2.08922837936146	mobile
2.09420040148121	mobile
2.10503054867276	mobile
2.07779655732594	mobile
2.06321414701651	mobile
2.09779951100244	mobile
2.08107295033995	mobile
2.08325538909218	mobile
2.07953047483085	mobile
2.08327726817742	mobile
2.08719909420587	mobile
2.09408553628373	mobile
2.09794172505648	mobile
2.09066692921569	mobile
2.0692527745415	mobile
2.08093073628592	mobile
2.0970282732479	mobile
2.09889346526422	mobile
2.09434261553524	mobile
2.09700639416266	mobile
2.09436449462048	mobile
2.08704047083791	mobile
2.09799642276956	mobile
2.08581524206473	mobile
2.09868561395448	mobile
2.09260869803034	mobile
2.09993819158421	mobile
2.09499898809231	mobile
2.07867172073536	mobile
2.09579210493209	mobile
2.11216860023082	mobile
2.08558004189845	mobile
2.08630752148253	mobile
2.09950607965081	mobile
2.08784999699163	mobile
2.08340307291752	mobile
2.08426182701301	mobile
2.08705141038053	mobile
2.08963314243831	mobile
2.09152568331118	mobile
2.09157491125296	mobile
2.1011688901287	mobile
2.10317082642775	mobile
2.08966049129486	mobile
2.09871296281103	mobile
2.07936091192027	mobile
2.09506462534801	mobile
2.0876476154532	mobile
2.10977284039754	mobile
2.12142892305673	mobile
2.09202343250029	mobile
2.08671228455938	mobile
2.10565410260197	mobile
2.09263604688688	mobile
2.09432620622132	mobile
2.09672743582591	mobile
2.08387894302139	mobile
2.09097870618029	mobile
2.06627721894948	mobile
2.09327601013002	mobile
2.07020998452055	mobile
2.09590150035827	mobile
2.08349605902977	mobile
2.08015402876006	mobile
2.08031812189932	mobile
2.11115122276738	mobile
2.09683136148078	mobile
2.09486224380959	mobile
2.10060550368389	mobile
2.09370265229211	mobile
2.09727441295679	mobile
2.09954436804997	mobile
2.09471455998425	mobile
2.10655661486793	mobile
2.08976441694973	mobile
2.0835726358281	mobile
2.09537093254131	mobile
2.07902725587043	mobile
2.09381751748959	mobile
2.08378595690914	mobile
2.09410194559765	mobile
2.09996007066945	mobile
2.09461063432938	mobile
2.0788194045607	mobile
2.10498679050229	mobile
2.10357011973329	mobile
2.08223254185743	mobile
2.08276857944569	mobile
2.09144363674155	mobile
2.08831492755288	mobile
2.08676151250116	mobile
2.08504947408149	mobile
2.09769558534758	mobile
2.09298611225065	mobile
2.08721003374849	mobile
2.07903819541305	mobile
2.0999327218129	mobile
2.07867719050666	mobile
2.10191824879802	mobile
2.09750961312308	mobile
2.09261963757295	mobile
2.08492913911269	mobile
2.09031139408061	mobile
2.09536546277	mobile
2.09830272996286	mobile
2.08448061786537	mobile
2.08216690460172	mobile
2.08464471100463	mobile
2.10052892688557	mobile
2.09554596522319	mobile
2.08036188006979	mobile
2.08432199449741	mobile
2.08668493570284	mobile
2.07348090776325	mobile
2.08886190468377	mobile
2.09147098559809	mobile
2.09850511150129	mobile
2.0848689716283	mobile
2.08362186376988	mobile
2.06929106294066	mobile
2.09503727649147	mobile
2.11746880862911	mobile
2.08837509503728	mobile
2.09259228871641	mobile
2.11022683141618	mobile
2.08393364073448	mobile
2.09817145545145	mobile
2.10889220721682	mobile
2.08953468655476	mobile
2.0983300788194	mobile
2.1065347357827	mobile
2.09880047915197	mobile
2.08990116123245	mobile
2.09892628389207	mobile
2.10053439665688	mobile
2.09366436389295	mobile
2.08249509088025	mobile
2.09056300356082	mobile
2.08058067092215	mobile
2.08118781553743	mobile
2.10204952330943	mobile
2.10475159033601	mobile
2.09469268089901	mobile
2.09309003790552	mobile
2.08206297894685	mobile
2.08379689645176	mobile
2.09766276671972	mobile
2.08930495615978	mobile
2.09317208447515	mobile
2.10504695798669	mobile
2.0872811407755	mobile
2.08969330992271	mobile
2.07804269703484	mobile
2.07855138576656	mobile
2.09494429037922	mobile
2.09510838351849	mobile
2.10226831416179	mobile
2.10259650044032	mobile
2.09990537295636	mobile
2.08803049944482	mobile
2.1010430853886	mobile
2.09487865312351	mobile
2.09467080181378	mobile
2.1246232695011	mobile
2.0778950132095	mobile
2.09259228871641	mobile
2.10689574068908	mobile
2.08631846102514	mobile
2.10640346127128	mobile
2.05877816248503	mobile
2.09245554443369	mobile
2.0956116024789	mobile
2.09670555674067	mobile
2.09481301586781	mobile
2.08992304031768	mobile
2.11269369827648	mobile
2.09167336713652	mobile
2.10331851025309	mobile
2.09205625112814	mobile
2.10231754210356	mobile
2.07701438002877	mobile
2.07970003774142	mobile
2.08508776248065	mobile
2.08725379191896	mobile
2.08263730493428	mobile
2.07660961695192	mobile
2.06966847716097	mobile
2.10774902501326	mobile
2.10108137378776	mobile
2.10101026676075	mobile
2.10813190900488	mobile
2.08778435973592	mobile
2.10698325703002	mobile
2.08946904929905	mobile
2.07576180239904	mobile
2.0944356016475	mobile
2.05829682260985	mobile
2.10931884937891	mobile
2.09356590800939	mobile
2.10317082642775	mobile
2.1120920234325	mobile
2.06971223533144	mobile
2.08254431882203	mobile
2.10583460505516	mobile
2.09908490726003	mobile
2.08100731308424	mobile
2.08838603457989	mobile
2.10422102251905	mobile
2.09202343250029	mobile
2.09823162293584	mobile
2.10634329378689	mobile
2.08695295449697	mobile
2.10259650044032	mobile
2.08379142668045	mobile
2.08625282376944	mobile
2.0868435590708	mobile
2.08810707624314	mobile
2.086351279653	mobile
2.0916624275939	mobile
2.10744818759128	mobile
2.08095808514246	mobile
2.0874014757443	mobile
2.09945138193772	mobile
2.10034842443237	mobile
2.09154209262511	mobile
2.09125219474574	mobile
2.08874703948628	mobile
2.07176339957226	mobile
2.09907943748872	mobile
2.08612701902933	mobile
2.09080914326972	mobile
2.08825476006848	mobile
2.08513152065112	mobile
2.09418399216729	mobile
2.09638831000476	mobile
2.09354949869546	mobile
2.09292594476625	mobile
2.09271809345651	mobile
2.08694748472566	mobile
2.08108388988256	mobile
2.1042538411469	mobile
2.10561581420281	mobile
2.09751508289438	mobile
2.09811675773836	mobile
2.0891299234779	mobile
2.09582492355995	mobile
2.09911225611657	mobile
2.09563348156414	mobile
2.10790764838122	mobile
2.087095168551	mobile
2.09272903299913	mobile
2.08423994792778	mobile
2.09323772173085	mobile
2.08687090792734	mobile
2.07866625096405	mobile
2.09770652489019	mobile
2.0843766922105	mobile
2.09998741952599	mobile
2.08728661054681	mobile
2.07861155325096	mobile
2.09911772588788	mobile
2.08873063017235	mobile
2.10675352663505	mobile
2.09902473977563	mobile
2.09538187208393	mobile
2.0884516718356	mobile
2.09088025029674	mobile
2.09720877570109	mobile
2.07735350584992	mobile
2.08327726817742	mobile
2.11138642293366	mobile
2.08502212522494	mobile
2.0722775580753	mobile
2.0948075460965	mobile
2.09423868988038	mobile
2.10010228472348	mobile
2.09042078950679	mobile
2.10079147590839	mobile
2.09609294235408	mobile
2.0840047477615	mobile
2.09247742351892	mobile
2.07822319948803	mobile
2.0990083304617	mobile
2.1106097154078	mobile
2.10623389836071	mobile
2.10056174551342	mobile
2.09738927815428	mobile
2.09206719067076	mobile
2.0638869288875	mobile
2.09399255017148	mobile
2.09552955590927	mobile
2.08820006235539	mobile
2.09706656164706	mobile
2.0907325664714	mobile
2.07219551150566	mobile
2.09139440879977	mobile
2.09607653304015	mobile
2.10932978892153	mobile
2.07502885304365	mobile
2.07872094867714	mobile
2.10376703150041	mobile
2.07817944131756	mobile
2.09864185578401	mobile
2.09754243175093	mobile
2.08958938426784	mobile
2.10846556505473	mobile
2.09297517270803	mobile
2.0735738938755	mobile
2.07962893071441	mobile
2.09310644721944	mobile
2.09713766867407	mobile
2.0909185386959	mobile
2.09938574468201	mobile
2.08529561379039	mobile
2.09128501337359	mobile
2.09112639000563	mobile
2.0883915043512	mobile
2.08440404106704	mobile
2.09963735416222	mobile
2.12236972372185	mobile
2.0793773212342	mobile
2.08346324040192	mobile
2.08772966202283	mobile
2.10256915158377	mobile
2.10407880846502	mobile
2.1144987228084	mobile
2.10422649229036	mobile
2.10230113278964	mobile
2.10597134933788	mobile
2.08319522160778	mobile
2.11273745644695	mobile
2.1009829179042	mobile
2.08380236622307	mobile
2.09017464979789	mobile
2.07842558102646	mobile
2.10510165569978	mobile
2.07604076073579	mobile
2.09436996439179	mobile
2.09801283208349	mobile
2.10383266875612	mobile
2.09944591216641	mobile
2.10123452738441	mobile
2.07240883258671	mobile
2.0799352379077	mobile
2.09785420871553	mobile
2.07545002543444	mobile
2.10008587540955	mobile
2.0829600214415	mobile
2.08059708023608	mobile
2.09198514410113	mobile
2.09783779940161	mobile
2.1115997440147	mobile
2.10980018925409	mobile
2.09062864081653	mobile
2.1003648337463	mobile
2.08300377961197	mobile
2.09254306077463	mobile
2.09322678218824	mobile
2.09799095299826	mobile
2.08289985395711	mobile
2.09932557719762	mobile
2.088139894871	mobile
2.07936091192027	mobile
2.11466828571897	mobile
2.1025855608977	mobile
2.09109904114909	mobile
2.07623767250291	mobile
2.0857331954951	mobile
2.10313800779989	mobile
2.08432746426872	mobile
2.1066003730384	mobile
2.07322929828304	mobile
2.11231628405616	mobile
2.09467080181378	mobile
2.09060129195998	mobile
2.09230239083704	mobile
2.08627470285467	mobile
2.08562926984023	mobile
2.08613248880064	mobile
2.09760806900663	mobile
2.08176214152486	mobile
2.08321710069302	mobile
2.09770105511889	mobile
2.11337741969008	mobile
2.08294908189889	mobile
2.08809613670052	mobile
2.09059582218867	mobile
2.09602730509837	mobile
2.08522450676337	mobile
2.06563725570634	mobile
2.07861155325096	mobile
2.08372578942474	mobile
2.0814777134168	mobile
2.08297096098412	mobile
2.08282327715878	mobile
2.07236507441624	mobile
2.09633361229167	mobile
2.11473392297468	mobile
2.10699966634395	mobile
2.09784873894422	mobile
2.09623515640811	mobile
2.09410741536896	mobile
2.09633361229167	mobile
2.11243661902496	mobile
2.09516308123157	mobile
2.08218878368695	mobile
2.09328147990133	mobile
2.09228598152311	mobile
2.09096776663768	mobile
2.08860482543225	mobile
2.0977721621459	mobile
2.09354402892415	mobile
2.09866373486925	mobile
2.09080914326972	mobile
2.11077927831837	mobile
2.09249383283285	mobile
2.10567598168721	mobile
2.08915180256313	mobile
2.10842727665556	mobile
2.08457360397762	mobile
2.09335258692834	mobile
2.10576349802815	mobile
2.09024575682491	mobile
2.10038671283154	mobile
2.08496195774055	mobile
2.09497163923576	mobile
2.09665085902758	mobile
2.08914086302052	mobile
2.09744397586737	mobile
2.07908742335483	mobile
2.08118234576612	mobile
2.08869234177319	mobile
2.09880047915197	mobile
2.09312285653337	mobile
2.10920945395273	mobile
2.09947873079427	mobile
2.09626797503596	mobile
2.08112217828173	mobile
2.12257210526028	mobile
2.10139315075237	mobile
2.10817019740405	mobile
2.08455172489238	mobile
2.08872516040104	mobile
2.09918336314359	mobile
2.09580304447471	mobile
2.09162960896605	mobile
2.08944717021381	mobile
2.10504148821538	mobile
2.10249804455676	mobile
2.09959359599175	mobile
2.08957844472523	mobile
2.08714986626409	mobile
2.08922837936146	mobile
2.09413476422551	mobile
2.10027184763405	mobile
2.09885517686506	mobile
2.11435650875437	mobile
2.08541594875918	mobile
2.07476083424952	mobile
2.10391471532575	mobile
2.10885391881765	mobile
2.09434808530655	mobile
2.07297768880283	mobile
2.09112639000563	mobile
2.10265119815341	mobile
2.1005508059708	mobile
2.08364921262642	mobile
2.09021840796836	mobile
2.10642534035652	mobile
2.10357011973329	mobile
2.0927126236852	mobile
2.10346619407843	mobile
2.08816177395623	mobile
2.08995585894554	mobile
2.10331851025309	mobile
2.08824382052586	mobile
2.10470236239423	mobile
2.09306268904897	mobile
2.10873358384886	mobile
2.10134392281059	mobile
2.08941435158596	mobile
2.07855685553787	mobile
2.07977114476844	mobile
2.10348807316366	mobile
2.08212861620256	mobile
2.08751634094179	mobile
2.07767622235714	mobile
2.0932650705874	mobile
2.08263183516297	mobile
2.1025855608977	mobile
2.09117561794741	mobile
2.08856106726178	mobile
2.08689825678388	mobile
2.10032654534714	mobile
2.07705813819924	mobile
2.08697483358221	mobile
2.10013510335133	mobile
2.10067661071091	mobile
2.07828883674374	mobile
2.09680948239554	mobile
2.09498804854969	mobile
2.08200828123376	mobile
2.0914764553694	mobile
2.0891900909623	mobile
2.09570458859115	mobile
2.09564442110675	mobile
2.08695842426828	mobile
2.11681790584336	mobile
2.09486224380959	mobile
2.08398286867626	mobile
2.10423196206167	mobile
2.09263604688688	mobile
2.09386674543137	mobile
2.10225190484786	mobile
2.09733458044119	mobile
2.0905520640182	mobile
2.10267854700995	mobile
2.08803596921613	mobile
2.09125219474574	mobile
2.1003648337463	mobile
2.08560739075499	mobile
2.0951794905455	mobile
2.1002390290062	mobile
2.08632940056776	mobile
2.10163382068996	mobile
2.09631720297774	mobile
2.08595745611876	mobile
2.09436996439179	mobile
2.10692308954563	mobile
2.07967268888488	mobile
2.10151348572116	mobile
2.10687386160385	mobile
2.08418525021469	mobile
2.09137252971453	mobile
2.07139145512326	mobile
2.09015277071266	mobile
2.10965797520006	mobile
2.0844368596949	mobile
2.06492071566488	mobile
2.09007072414302	mobile
2.07361765204597	mobile
2.09278373071222	mobile
2.09934198651154	mobile
2.07901631632781	mobile
2.0944410714188	mobile
2.08742335482953	mobile
2.09157491125296	mobile
2.09863091624139	mobile
2.08576054435164	mobile
2.08808519715791	mobile
2.0945012389032	mobile
2.09249930260416	mobile
2.09068333852962	mobile
2.09470909021294	mobile
2.07427949437434	mobile
2.0967219660546	mobile
2.09648129611701	mobile
2.11076833877576	mobile
2.09114826909087	mobile
2.0826482444769	mobile
2.09764088763449	mobile
2.10745912713389	mobile
2.09779404123114	mobile
2.08168556472654	mobile
2.08091432697199	mobile
2.08310223549553	mobile
2.09969752164662	mobile
2.10278247266482	mobile
2.10026090809143	mobile
2.09359325686593	mobile
2.07785125503903	mobile
2.0965961613145	mobile
2.08078852223189	mobile
2.08043845686812	mobile
2.09067786875831	mobile
2.09468174135639	mobile
2.07002948206735	mobile
2.10022261969227	mobile
2.08855012771916	mobile
2.08846808114953	mobile
2.10866794659315	mobile
2.10810456014834	mobile
2.08810160647183	mobile
2.08346324040192	mobile
2.09335805669965	mobile
2.09854886967176	mobile
2.07788407366688	mobile
2.0850549438528	mobile
2.10403505029455	mobile
2.0964758263457	mobile
2.11341570808924	mobile
2.09127407383097	mobile
2.1076450993584	mobile
2.10860230933745	mobile
2.09475284838341	mobile
2.08417978044338	mobile
2.0966016310858	mobile
2.10074771773792	mobile
2.09094041778113	mobile
2.08791563424733	mobile
2.08117687599481	mobile
2.08023607532969	mobile
2.08842432297906	mobile
2.08916821187706	mobile
2.10218079782084	mobile
2.08958938426784	mobile
2.0783927623986	mobile
2.09435355507786	mobile
2.1094993518321	mobile
2.08454625512107	mobile
2.07800440863568	mobile
2.09269621437128	mobile
2.08583712114996	mobile
2.1028973378623	mobile
2.07617750501852	mobile
2.08999961711601	mobile
2.09598901669921	mobile
2.09689152896517	mobile
2.09447935981797	mobile
2.08510964156589	mobile
2.1007969456797	mobile
2.08181136946664	mobile
2.0946872111277	mobile
2.09677666376769	mobile
2.09063411058784	mobile
2.10317082642775	mobile
2.0898683426046	mobile
2.08576054435164	mobile
2.08538313013133	mobile
2.09733458044119	mobile
2.08988475191852	mobile
2.08492366934138	mobile
2.0824622722524	mobile
2.09597807715659	mobile
2.07829977628635	mobile
2.10368498493078	mobile
2.12201965835808	mobile
2.08534484173217	mobile
2.08706234992315	mobile
2.09278920048353	mobile
2.10489380439004	mobile
2.08327179840611	mobile
2.08950733769821	mobile
2.10576896779946	mobile
2.09333617761441	mobile
2.08996132871685	mobile
2.10140409029498	mobile
2.09356590800939	mobile
2.07818491108887	mobile
2.07682840780427	mobile
2.08261542584905	mobile
2.09473096929817	mobile
2.09365889412164	mobile
2.09070521761485	mobile
2.10553376763318	mobile
2.11096525054287	mobile
2.10681369411945	mobile
2.08198640214853	mobile
2.09772840397543	mobile
2.08874703948628	mobile
2.08475410643081	mobile
2.08285609578664	mobile
2.09315020538991	mobile
2.07910383266876	mobile
2.09433167599263	mobile
2.07890692090164	mobile
2.08187153695104	mobile
2.07716206385411	mobile
2.11246943765281	mobile
2.1161068355732	mobile
2.0846228319194	mobile
2.0799954053921	mobile
2.0948677135809	mobile
2.09107716206385	mobile
2.08161445769952	mobile
2.07088823616285	mobile
2.0938831547453	mobile
2.08938153295811	mobile
2.10272777495173	mobile
2.08879079765675	mobile
2.08436575266788	mobile
2.07828883674374	mobile
2.10450545062711	mobile
2.10392018509706	mobile
2.08701312198137	mobile
2.10377797104303	mobile
2.09701733370528	mobile
2.09652505428748	mobile
2.11219594908737	mobile
2.09298064247934	mobile
2.09287124705316	mobile
2.08626376331206	mobile
2.08385706393616	mobile
2.10986582650979	mobile
2.09311738676206	mobile
2.09715954775931	mobile
2.10865153727923	mobile
2.08571678618117	mobile
2.09223128381002	mobile
2.08744523391477	mobile
2.10518370226941	mobile
2.08525185561992	mobile
2.08541594875918	mobile
2.07903272564174	mobile
2.093204903103	mobile
2.08730848963205	mobile
2.08407585478851	mobile
2.08978629603496	mobile
2.09459969478676	mobile
2.09628438434989	mobile
2.09064505013045	mobile
2.10589477253956	mobile
2.10322005436953	mobile
2.08956750518261	mobile
2.09264151665819	mobile
2.08096355491377	mobile
2.07970550751273	mobile
2.10640346127128	mobile
2.08940341204334	mobile
2.09417852239598	mobile
2.08597386543269	mobile
2.10339508705141	mobile
2.09811675773836	mobile
2.08985740306198	mobile
2.09503180672016	mobile
2.08514246019374	mobile
2.09027310568145	mobile
2.09191403707411	mobile
2.08412508273029	mobile
2.10220814667739	mobile
2.08892207216816	mobile
2.08934871433025	mobile
2.11548328164399	mobile
2.08171291358308	mobile
2.08010480081828	mobile
2.09087478052543	mobile
2.10564863283066	mobile
2.08273029104653	mobile
2.07829430651504	mobile
2.10009134518086	mobile
2.09585227241649	mobile
2.10366857561685	mobile
2.08690372655519	mobile
2.08440951083835	mobile
2.08872516040104	mobile
2.10606433545013	mobile
2.07933356306373	mobile
2.08848996023476	mobile
2.10563222351673	mobile
2.1091930446388	mobile
2.09447935981797	mobile
2.08586993977782	mobile
2.11041280364068	mobile
2.08309129595292	mobile
2.08573866526641	mobile
2.08988475191852	mobile
2.07161024597562	mobile
2.1009829179042	mobile
2.09788155757208	mobile
2.08520809744945	mobile
2.08137378776193	mobile
2.09620780755157	mobile
2.09725253387156	mobile
2.10559393511757	mobile
2.07196578111069	mobile
2.09868014418317	mobile
2.09844494401689	mobile
2.07643458427003	mobile
2.09608747258277	mobile
2.09497710900707	mobile
2.09001602642994	mobile
2.09241725603453	mobile
2.09686964987994	mobile
2.08976988672104	mobile
2.07411540123507	mobile
2.09560613270759	mobile
2.11985362891977	mobile
2.10278794243613	mobile
2.10783654135421	mobile
2.09516855100288	mobile
2.09821521362192	mobile
2.07559770925978	mobile
2.10365216630293	mobile
2.09104981320731	mobile
2.08414696181553	mobile
2.0952396580299	mobile
2.0924008467206	mobile
2.10064926185436	mobile
2.09287671682447	mobile
2.08982458443412	mobile
2.09829726019155	mobile
2.08753275025571	mobile
2.09015277071266	mobile
2.08126986210707	mobile
2.07794971092259	mobile
2.09207813021338	mobile
2.09973581004578	mobile
2.09997647998337	mobile
2.11651706842137	mobile
2.10557205603234	mobile
2.09302440064981	mobile
2.09683683125209	mobile
2.09862544647008	mobile
2.09835742767595	mobile
2.08244586293847	mobile
2.09973581004578	mobile
2.08704594060922	mobile
2.08526279516253	mobile
2.09249930260416	mobile
2.07769810144238	mobile
2.09350027075368	mobile
2.10056721528473	mobile
2.09435355507786	mobile
2.08078305246058	mobile
2.08161992747083	mobile
2.08323897977826	mobile
2.09433167599263	mobile
2.10760134118792	mobile
2.09603824464099	mobile
2.10224643507655	mobile
2.10430306908868	mobile
2.09730176181334	mobile
2.10491021370397	mobile
2.08124251325052	mobile
2.07909836289745	mobile
2.08257166767857	mobile
2.08891113262554	mobile
2.10127828555488	mobile
2.08881267674199	mobile
2.10673711732112	mobile
2.09248836306154	mobile
2.10370686401602	mobile
2.08891113262554	mobile
2.08161445769952	mobile
2.08963314243831	mobile
2.09137252971453	mobile
2.10047969894379	mobile
2.0831405238947	mobile
2.08333196589051	mobile
2.08893848148209	mobile
2.09738380838297	mobile
2.10874452339148	mobile
2.08398286867626	mobile
2.077709040985	mobile
2.09950607965081	mobile
2.0919085673028	mobile
2.08613795857195	mobile
2.07613921661935	mobile
2.10725674559547	mobile
2.09699545462004	mobile
2.0830803564103	mobile
2.10349354293497	mobile
2.10238317935927	mobile
2.09086931075412	mobile
2.07612827707674	mobile
2.09451764821713	mobile
2.08973159832187	mobile
2.08561833029761	mobile
2.09203984181421	mobile
2.09954983782128	mobile
2.09466533204247	mobile
2.07798799932175	mobile
2.09904661886087	mobile
2.09043719882072	mobile
2.08827116938241	mobile
2.09686964987994	mobile
2.09305721927766	mobile
2.09988896364243	mobile
2.09396520131493	mobile
2.10379985012827	mobile
2.08812348555707	mobile
2.09779404123114	mobile
2.08023607532969	mobile
2.09101699457946	mobile
2.10420461320512	mobile
2.09879500938066	mobile
2.0986965534971	mobile
2.08599574451792	mobile
2.09825350202108	mobile
2.09384486634614	mobile
2.09869108372579	mobile
2.07954141437347	mobile
3.17886524458842	desktop
3.17309179257348	desktop
3.17422412940155	desktop
3.16974425311576	desktop
3.1744165167267	desktop
3.1875336677819	desktop
3.14756657517581	desktop
3.16887759402243	desktop
3.20166405874959	desktop
3.17056693796333	desktop
3.19711822109518	desktop
3.16242987023933	desktop
3.18653875047181	desktop
3.16789733479426	desktop
3.17314309586019	desktop
3.17532898232602	desktop
3.192222421735	desktop
3.17951752923371	desktop
3.18032555599937	desktop
3.17323287661193	desktop
3.20771784658119	desktop
3.16792848321833	desktop
3.20228336271057	desktop
3.17789048214096	desktop
3.17735362989076	desktop
3.20028253452894	desktop
3.16198463100111	desktop
3.1576751549176	desktop
3.19123483346587	desktop
3.17408854214382	desktop
3.18030356887649	desktop
3.18352468237769	desktop
3.18602571760472	desktop
3.18418063154346	desktop
3.17716673934632	desktop
3.15209042570734	desktop
3.20556494079967	desktop
3.1778043659097	desktop
3.16383338158285	desktop
3.15531703598926	desktop
3.15709616068189	desktop
3.15296074932115	desktop
3.16852396779619	desktop
3.17720704907159	desktop
3.16130119793174	desktop
3.18344223066691	desktop
3.16995129852283	desktop
3.16780938630276	desktop
3.18414765085915	desktop
3.18435469626622	desktop
3.17024262790093	desktop
3.18333046279229	desktop
3.16641686852067	desktop
3.16208540531429	desktop
3.19133560777904	desktop
3.16403859472969	desktop
3.16062509390334	desktop
3.17807187590468	desktop
3.17802240487821	desktop
3.16848365807092	desktop
3.1677232700715	desktop
3.18288888807455	desktop
3.18652409238989	desktop
3.16435924027161	desktop
3.16435007897042	desktop
3.17732614598717	desktop
3.17792163056503	desktop
3.18841132043666	desktop
3.16042171301674	desktop
3.17208404944171	desktop
3.18230256479788	desktop
3.19351599746415	desktop
3.2239461755232	desktop
3.16069838431292	desktop
3.18786713914551	desktop
3.19296815165252	desktop
3.18181335131391	desktop
3.16173727586877	desktop
3.1545969577151	desktop
3.2078992403449	desktop
3.16038506781195	desktop
3.18580401411573	desktop
3.19167640818361	desktop
3.19503494120277	desktop
3.17691205517302	desktop
3.18078362105927	desktop
3.17389981933914	desktop
3.19999486967133	desktop
3.18344589518739	desktop
3.18760512593125	desktop
3.16508298306625	desktop
3.18313990772737	desktop
3.20609263174867	desktop
3.14887114446639	desktop
3.18945204425275	desktop
3.18644713745983	desktop
3.21700740599589	desktop
3.16512146053128	desktop
3.18479627098396	desktop
3.20828218273498	desktop
3.17898983828471	desktop
3.1705192991971	desktop
3.17691388743326	desktop
3.19625522652233	desktop
3.19876908757105	desktop
3.21354993092379	desktop
3.16691890782632	desktop
3.16426396273916	desktop
3.15826331045451	desktop
3.14114999981677	desktop
3.19842828716648	desktop
3.16114728807162	desktop
3.15451084148384	desktop
3.16491624738445	desktop
3.16156504340625	desktop
3.17942958074221	desktop
3.17386134187411	desktop
3.1855016911762	desktop
3.19059354238201	desktop
3.18072315647136	desktop
3.19401253998908	desktop
3.21525942972732	desktop
3.15151326373187	desktop
3.16489975704229	desktop
3.17554702129453	desktop
3.19048910354836	desktop
3.18933111507694	desktop
3.14060215400514	desktop
3.15031679779542	desktop
3.16683095933482	desktop
3.1745136265194	desktop
3.15520710037488	desktop
3.17548289218614	desktop
3.17784467563497	desktop
3.19152982736444	desktop
3.16728352761399	desktop
3.16738796644765	desktop
3.19781081546574	desktop
3.17327868311792	desktop
3.16593315181742	desktop
3.15329788520523	desktop
3.17248348217394	desktop
3.19673161418463	desktop
3.15955138940294	desktop
3.18153118323702	desktop
3.17712459736081	desktop
3.17918039334963	desktop
3.19953680461143	desktop
3.15010059108715	desktop
3.19727396321554	desktop
3.16546226093585	desktop
3.17754784947616	desktop
3.15784189059941	desktop
3.15971262830402	desktop
3.1665707783808	desktop
3.17491122699139	desktop
3.18099616324706	desktop
3.15846119456039	desktop
3.15778692279222	desktop
3.15818818778469	desktop
3.16149724977738	desktop
3.17247981765346	desktop
3.16466705999186	desktop
3.17681128085984	desktop
3.14465877817558	desktop
3.2082968408169	desktop
3.18243082301465	desktop
3.17671233880691	desktop
3.17763213344718	desktop
3.17786116597713	desktop
3.20186194285547	desktop
3.17340694133469	desktop
3.17075016398729	desktop
3.1648631118375	desktop
3.17594278950628	desktop
3.18071949195088	desktop
3.17413801317029	desktop
3.1471543166219	desktop
3.18686489279445	desktop
3.1995862756379	desktop
3.17199610095021	desktop
3.18570690432303	desktop
3.171680952189	desktop
3.16788634123282	desktop
3.17906862547501	desktop
3.17052296371758	desktop
3.16683095933482	desktop
3.20485952060743	desktop
3.17821112768289	desktop
3.18347337909098	desktop
3.17957432930114	desktop
3.19052941327363	desktop
3.17554702129453	desktop
3.20164756840744	desktop
3.22142498543353	desktop
3.17362131578272	desktop
3.16833158047104	desktop
3.20146800690396	desktop
3.15455848025007	desktop
3.16813736088564	desktop
3.18293103006006	desktop
3.17884325746554	desktop
3.20434648774035	desktop
3.1599892996002	desktop
3.18542473624614	desktop
3.17225261738375	desktop
3.20948231319191	desktop
3.18324984334175	desktop
3.16858626464434	desktop
3.1616603209387	desktop
3.17243217888723	desktop
3.17072634460418	desktop
3.1578602132018	desktop
3.17060541542836	desktop
3.1907181360783	desktop
3.19310007438977	desktop
3.18762894531436	desktop
3.19494882497151	desktop
3.16512878957224	desktop
3.18024127202835	desktop
3.1933932360281	desktop
3.17716673934632	desktop
3.17225628190423	desktop
3.18755931942526	desktop
3.15801045854145	desktop
3.17207672040075	desktop
3.14793119496348	desktop
3.18342940484523	desktop
3.18678793786439	desktop
3.19176985345583	desktop
3.22405977565806	desktop
3.159804241316	desktop
3.17020415043589	desktop
3.14953991945384	desktop
3.16235841208999	desktop
3.16717359199962	desktop
3.17227643676687	desktop
3.15835858798697	desktop
3.16841036766134	desktop
3.16795596712192	desktop
3.15718594143363	desktop
3.18199474507763	desktop
3.19115604627556	desktop
3.18528914898841	desktop
3.17304415380725	desktop
3.16392865911531	desktop
3.15488462257271	desktop
3.18630055664066	desktop
3.17847314089715	desktop
3.19507158640756	desktop
3.18060772407627	desktop
3.16890691018627	desktop
3.16644068790378	desktop
3.18173822864409	desktop
3.2162580115579	desktop
3.18037869154632	desktop
3.18685206697278	desktop
3.13173401444554	desktop
3.16833158047104	desktop
3.187473203194	desktop
3.18452876098898	desktop
3.19639997508126	desktop
3.17872965733069	desktop
3.19931876564292	desktop
3.16775991527629	desktop
3.1663673974942	desktop
3.14307387306834	desktop
3.19448343087065	desktop
3.16275051578126	desktop
3.19322283582582	desktop
3.1845434190709	desktop
3.16498404101331	desktop
3.16391216877316	desktop
3.17737561701364	desktop
3.16465973095091	desktop
3.19706142102775	desktop
3.16216785702507	desktop
3.18338909511996	desktop
3.16392499459483	desktop
3.22098341071579	desktop
3.17033973769362	desktop
3.17019315687446	desktop
3.16303818063887	desktop
3.17993711682858	desktop
3.19884421024087	desktop
3.19000355458486	desktop
3.1747078461048	desktop
3.17863804431871	desktop
3.16569862250675	desktop
3.17328601215888	desktop
3.15948726029455	desktop
3.15816253614133	desktop
3.19098931059376	desktop
3.17831190199606	desktop
3.21740683872812	desktop
3.16809888342061	desktop
3.18419345736514	desktop
3.19600237460927	desktop
3.19065950375064	desktop
3.15216005159645	desktop
3.20394522274788	desktop
3.16665689461206	desktop
3.15019953314009	desktop
3.16774525719437	desktop
3.2029649635197	desktop
3.21577063033417	desktop
3.16931367195946	desktop
3.17778787556754	desktop
3.20569686353692	desktop
3.20423105534525	desktop
3.16927152997395	desktop
3.18132597009018	desktop
3.19028389040152	desktop
3.18594693041442	desktop
3.18897565659046	desktop
3.17514392404182	desktop
3.19101679449736	desktop
3.16085046191281	desktop
3.1570686767783	desktop
3.21258066525705	desktop
3.19253573823597	desktop
3.17259708230879	desktop
3.19451457929473	desktop
3.18671281519457	desktop
3.18496667118624	desktop
3.18043549161374	desktop
3.19505326380516	desktop
3.1667466753638	desktop
3.18344406292715	desktop
3.21311202072653	desktop
3.17239736594268	desktop
3.16827661266385	desktop
3.19164892428001	desktop
3.18372989552452	desktop
3.18080927270262	desktop
3.17532165328506	desktop
3.17702931982835	desktop
3.19101496223712	desktop
3.19055689717722	desktop
3.16794680582072	desktop
3.17708795215602	desktop
3.17294521175432	desktop
3.18017347839948	desktop
3.19499829599798	desktop
3.14361622209926	desktop
3.19243862844327	desktop
3.17066404775603	desktop
3.17153253910959	desktop
3.17191181697919	desktop
3.1626369156464	desktop
3.16315178077373	desktop
3.17474815583007	desktop
3.17676180983337	desktop
3.19102962031903	desktop
3.16445635006431	desktop
3.19614162638748	desktop
3.21845489158516	desktop
3.15687812171338	desktop
3.20354762227589	desktop
3.17421130357987	desktop
3.14532205638231	desktop
3.20605598654388	desktop
3.18030906565721	desktop
3.18429239941807	desktop
3.17206939135979	desktop
3.16435924027161	desktop
3.1851590585114	desktop
3.18995774807887	desktop
3.16663490748918	desktop
3.20031001843254	desktop
3.14594685712401	desktop
3.17348939304547	desktop
3.2020671560023	desktop
3.16847266450949	desktop
3.18177487384888	desktop
3.18237035842675	desktop
3.21550495259943	desktop
3.15886062729262	desktop
3.18789828756958	desktop
3.18628589855874	desktop
3.21428100275938	desktop
3.19073462642046	desktop
3.19360577821589	desktop
3.19866464873739	desktop
3.20375100316248	desktop
3.16035391938788	desktop
3.19833300963402	desktop
3.20020374733864	desktop
3.1733519735275	desktop
3.16825462554097	desktop
3.1668346238553	desktop
3.21923726670747	desktop
3.18481276132612	desktop
3.17807187590468	desktop
3.19830919025091	desktop
3.1510606954527	desktop
3.17536745979105	desktop
3.19273545460209	desktop
3.17121189356767	desktop
3.16509764114817	desktop
3.1754114340368	desktop
3.18460205139856	desktop
3.17837419884421	desktop
3.19932059790316	desktop
3.17897701246303	desktop
3.17446232323269	desktop
3.1641686852067	desktop
3.21225635519464	desktop
3.22126374653245	desktop
3.16335516166032	desktop
3.22532220296313	desktop
3.17435421987856	desktop
3.20007915364235	desktop
3.20035765719877	desktop
3.18772971962754	desktop
3.15112665682132	desktop
3.18784331976239	desktop
3.18308310765995	desktop
3.17791063700359	desktop
3.20422739082477	desktop
3.16690058522392	desktop
3.19184680838589	desktop
3.1669134110456	desktop
3.1847981032442	desktop
3.17582002807023	desktop
3.19059171012177	desktop
3.17708062311506	desktop
3.1786142249356	desktop
3.16019268048679	desktop
3.17897334794255	desktop
3.17247615313298	desktop
3.1794057613591	desktop
3.19356363623038	desktop
3.1856775881592	desktop
3.16755836664993	desktop
3.18578019473262	desktop
3.17855009582721	desktop
3.16415219486454	desktop
3.18099616324706	desktop
3.18133696365162	desktop
3.1563742501475	desktop
3.17346374140212	desktop
3.17061457672956	desktop
3.18698215744979	desktop
3.18553283960027	desktop
3.21868942089583	desktop
3.17289940524833	desktop
3.1546665836042	desktop
3.1708106285752	desktop
3.18380685045458	desktop
3.16220266996962	desktop
3.16748324398011	desktop
3.17949554211084	desktop
3.22131138529868	desktop
3.15292776863684	desktop
3.18606419506975	desktop
3.17606188642185	desktop
3.16223015387321	desktop
3.16782221212443	desktop
3.18704445429793	desktop
3.17611318970856	desktop
3.17143359705666	desktop
3.18019363326212	desktop
3.16343394885062	desktop
3.19898712653956	desktop
3.19201720858817	desktop
3.18007453634655	desktop
3.18083492434597	desktop
3.17861788945608	desktop
3.17694870037781	desktop
3.15445587367665	desktop
3.15001081033541	desktop
3.16786985089066	desktop
3.17051746693686	desktop
3.16500969265667	desktop
3.20060867685159	desktop
3.26247494384122	desktop
3.1778135272109	desktop
3.19504043798349	desktop
3.15395016985052	desktop
3.16345410371326	desktop
3.16686943679985	desktop
3.16961416263875	desktop
3.15258147145155	desktop
3.16372527822872	desktop
3.17077948015112	desktop
3.19332910691971	desktop
3.16121324944024	desktop
3.18412199921579	desktop
3.17870583794758	desktop
3.18701697039434	desktop
3.17742325577986	desktop
3.15740764492262	desktop
3.16785152828827	desktop
3.16684378515649	desktop
3.19602802625262	desktop
3.17780619816994	desktop
3.16738430192717	desktop
3.19443762436466	desktop
3.17078864145232	desktop
3.16957568517372	desktop
3.18563544617369	desktop
3.15933335043443	desktop
3.17388699351746	desktop
3.1841733025025	desktop
3.18925232788663	desktop
3.17245966279083	desktop
3.18714522861111	desktop
3.18642331807671	desktop
3.19341339089073	desktop
3.18058207243291	desktop
3.19750116348525	desktop
3.19325031972941	desktop
3.16725970823088	desktop
3.16525888004925	desktop
3.15595649481287	desktop
3.17436154891952	desktop
3.2213865079685	desktop
3.19328330041372	desktop
3.16670453337828	desktop
3.17967693587456	desktop
3.19557729023369	desktop
3.16027879671806	desktop
3.17634955127947	desktop
3.17299468278078	desktop
3.18137177659617	desktop
3.155406816741	desktop
3.16238406373334	desktop
3.21076123083914	desktop
3.18405603784717	desktop
3.18710491888584	desktop
3.18438767695053	desktop
3.1756844408125	desktop
3.17262090169191	desktop
3.17263372751359	desktop
3.14802830475618	desktop
3.18178403515008	desktop
3.15684147650859	desktop
3.20226687236842	desktop
3.22495208639473	desktop
3.19552598694698	desktop
3.18102181489041	desktop
3.15750475471532	desktop
3.17994627812978	desktop
3.16931367195946	desktop
3.17064938967411	desktop
3.17145191965905	desktop
3.16413020774167	desktop
3.17661156449373	desktop
3.17475914939151	desktop
3.1768369325032	desktop
3.16600460996676	desktop
3.17715757804512	desktop
3.14446272632995	desktop
3.17119906774599	desktop
3.2058855863416	desktop
3.15751941279724	desktop
3.18723867388333	desktop
3.14383609332801	desktop
3.16667155269397	desktop
3.18299882368893	desktop
3.17878645739812	desktop
3.18435469626622	desktop
3.17914924492556	desktop
3.17604173155922	desktop
3.18213033233536	desktop
3.1553884941386	desktop
3.18316189485025	desktop
3.18376470846907	desktop
3.16555020942735	desktop
3.18659188601876	desktop
3.16548241579848	desktop
3.1715930036975	desktop
3.19265300289131	desktop
3.16967279496641	desktop
3.16332584549649	desktop
3.15672787637374	desktop
3.17009604708176	desktop
3.19668763993888	desktop
3.14676954197159	desktop
3.18355583080176	desktop
3.19555713537105	desktop
3.18839666235475	desktop
3.161609017652	desktop
3.17927567088209	desktop
3.19549850304338	desktop
3.2030345894088	desktop
3.17745073968346	desktop
3.18649111170558	desktop
3.15806176182816	desktop
3.18413482503747	desktop
3.17405556145951	desktop
3.15899071776963	desktop
3.20920930641621	desktop
3.17751486879184	desktop
3.20491082389414	desktop
3.16973325955432	desktop
3.18680626046679	desktop
3.17488557534804	desktop
3.16642602982187	desktop
3.16628311352318	desktop
3.15959169912821	desktop
3.17831006973582	desktop
3.1415769164526	desktop
3.19111756881053	desktop
3.19233418960962	desktop
3.20072594150692	desktop
3.16066540362861	desktop
3.15854181401093	desktop
3.18281742992521	desktop
3.17783917885425	desktop
3.2018033105278	desktop
3.16242437345861	desktop
3.14912949316017	desktop
3.18598357561921	desktop
3.16764081836071	desktop
3.1892230117228	desktop
3.16654695899768	desktop
3.17228010128735	desktop
3.18644347293935	desktop
3.17691938421398	desktop
3.23100404196609	desktop
3.20441244910897	desktop
3.19222425399524	desktop
3.19587228413226	desktop
3.16703983700213	desktop
3.1739071483801	desktop
3.17294704401456	desktop
3.15520893263512	desktop
3.17892754143657	desktop
3.17190815245871	desktop
3.16924954285107	desktop
3.14931638370461	desktop
3.18271665561203	desktop
3.17427176816778	desktop
3.15790418744755	desktop
3.16988350489397	desktop
3.18206620322698	desktop
3.17540960177656	desktop
3.15384023423615	desktop
3.19270797069849	desktop
3.15465009326205	desktop
3.1660943907185	desktop
3.17156002301319	desktop
3.18062054989794	desktop
3.15172763817991	desktop
3.16547142223704	desktop
3.20636380626413	desktop
3.17251096607753	desktop
3.1700007695493	desktop
3.17896785116184	desktop
3.15909515660328	desktop
3.22206810877763	desktop
3.19664183343289	desktop
3.18666700868858	desktop
3.18211567425345	desktop
3.19467581819581	desktop
3.16783320568587	desktop
3.16355487802644	desktop
3.14602930883479	desktop
3.19934624954652	desktop
3.18318937875384	desktop
3.17775672714347	desktop
3.20291366023299	desktop
3.18713423504967	desktop
3.15106252771294	desktop
3.18678977012463	desktop
3.16040155815411	desktop
3.16553921586591	desktop
3.20579214106938	desktop
3.17765228830981	desktop
3.18961328315383	desktop
3.15517961647129	desktop
3.14653501266092	desktop
3.16509947340841	desktop
3.19396123670237	desktop
3.15339316273769	desktop
3.16079366184538	desktop
3.19617277481155	desktop
3.18019546552236	desktop
3.16720840494417	desktop
3.19869213264098	desktop
3.16080282314658	desktop
3.17312843777827	desktop
3.20620073510281	desktop
3.19166541462217	desktop
3.17904663835214	desktop
3.19511006387259	desktop
3.18766742277939	desktop
3.18632620828402	desktop
3.18361263086919	desktop
3.20090733527064	desktop
3.17826059870936	desktop
3.16541462216962	desktop
3.18321319813696	desktop
3.16623364249671	desktop
3.17309362483372	desktop
3.16554471264663	desktop
3.21370017626344	desktop
3.17177073294074	desktop
3.16565281600076	desktop
3.16988900167469	desktop
3.16470187293642	desktop
3.16252881229227	desktop
3.18804853290923	desktop
3.19044879382308	desktop
3.18587364000484	desktop
3.16188019216745	desktop
3.17860689589464	desktop
3.17138779055067	desktop
3.17074283494633	desktop
3.19433685005149	desktop
3.16783687020635	desktop
3.20608163818723	desktop
3.19087937497939	desktop
3.16330385837361	desktop
3.15163419290769	desktop
3.20959224880628	desktop
3.17744890742322	desktop
3.15078952093724	desktop
3.17776039166395	desktop
3.17205290101764	desktop
3.20216060127452	desktop
3.19297548069347	desktop
3.17208404944171	desktop
3.1926896480961	desktop
3.16893072956938	desktop
3.19941770769586	desktop
3.16472202779905	desktop
3.16429877568371	desktop
3.17390348385962	desktop
3.15752307731772	desktop
3.20331858974594	desktop
3.17061457672956	desktop
3.18249678438328	desktop
3.17112760959665	desktop
3.17797293385174	desktop
3.16481913759175	desktop
3.15784555511988	desktop
3.19334010048115	desktop
3.14960404856223	desktop
3.19578067112028	desktop
3.16059394547926	desktop
3.17035806029602	desktop
3.18637934383096	desktop
3.17022064077805	desktop
3.17477197521318	desktop
3.16960866585803	desktop
3.15878550462279	desktop
3.18821160407055	desktop
3.20406981644417	desktop
3.16223931517441	desktop
3.18491170337905	desktop
3.19363509437972	desktop
3.1818683191211	desktop
3.17370010297303	desktop
3.16147892717498	desktop
3.18552184603884	desktop
3.17852261192362	desktop
3.16310963878822	desktop
3.16213304408052	desktop
3.15484431284744	desktop
3.15726839314441	desktop
3.18600739500233	desktop
3.14657349012595	desktop
3.18287056547216	desktop
3.19133927229952	desktop
3.16797245746408	desktop
3.14134238714193	desktop
3.17816165665642	desktop
3.1291541920282	desktop
3.18357415340416	desktop
3.17333914770583	desktop
3.16243170249957	desktop
3.18601838856376	desktop
3.15132637318744	desktop
3.18149087351175	desktop
3.1912458270273	desktop
3.19911355249609	desktop
3.16331301967481	desktop
3.17252012737873	desktop
3.18445180605892	desktop
3.16894355539106	desktop
3.2046543074606	desktop
3.1895931282912	desktop
3.17678013243577	desktop
3.17833755363942	desktop
3.19811313840527	desktop
3.19221692495429	desktop
3.17658224832989	desktop
3.16374360083111	desktop
3.18491170337905	desktop
3.17569543437394	desktop
3.18404687654597	desktop
3.19840080326289	desktop
3.19950565618736	desktop
3.17788498536024	desktop
3.19072180059878	desktop
3.17539127917416	desktop
3.18353201141865	desktop
3.16362633617578	desktop
3.1823355454822	desktop
3.1898294898621	desktop
3.18021928490547	desktop
3.15573479132388	desktop
3.198600519629	desktop
3.17757899790023	desktop
3.16468171807378	desktop
3.19081707813124	desktop
3.18491353563929	desktop
3.19071447155782	desktop
3.19198239564362	desktop
3.17483793658181	desktop
3.1756752795113	desktop
3.18907826316387	desktop
3.18786897140575	desktop
3.21803896851078	desktop
3.17086559638239	desktop
3.17473533000839	desktop
3.17803156617941	desktop
3.16281647714988	desktop
3.1909215169649	desktop
3.16684012063601	desktop
3.18580218185549	desktop
3.16817767061091	desktop
3.16268821893311	desktop
3.1761846478579	desktop
3.15890276927813	desktop
3.19194208591835	desktop
3.17670134524547	desktop
3.16893805861034	desktop
3.17237721108004	desktop
3.18697116388835	desktop
3.17899899958591	desktop
3.16574992579346	desktop
3.19259803508412	desktop
3.19991608248103	desktop
3.17643200299025	desktop
3.22868073598229	desktop
3.16199012778183	desktop
3.18854873995463	desktop
3.15692392821937	desktop
3.20175200724109	desktop
3.1420862847992	desktop
3.17030675700931	desktop
3.16578840325849	desktop
3.21045341111889	desktop
3.19204102797128	desktop
3.2078479370582	desktop
3.17925001923873	desktop
3.16228328942016	desktop
3.20461399773533	desktop
3.20622088996544	desktop
3.17773290776036	desktop
3.18224576473046	desktop
3.17300201182174	desktop
3.19469963757892	desktop
3.19269514487682	desktop
3.1668163012529	desktop
3.1586700722277	desktop
3.17162415212157	desktop
3.19051475519171	desktop
3.14512600453668	desktop
3.15709616068189	desktop
3.19210698933991	desktop
3.1749808528805	desktop
3.18105296331449	desktop
3.17662805483588	desktop
3.1724908112149	desktop
3.18998156746199	desktop
3.18185549329942	desktop
3.1597071315233	desktop
3.19122933668515	desktop
3.15923807290197	desktop
3.17799308871438	desktop
3.18085324694837	desktop
3.21904121486183	desktop
3.14556391473394	desktop
3.16829493526625	desktop
3.18522135535954	desktop
3.17201808807309	desktop
3.15989951884846	desktop
3.16797428972432	desktop
3.18513523912828	desktop
3.16284396105348	desktop
3.20027154096751	desktop
3.1560829207694	desktop
3.20627402551239	desktop
3.17573757635945	desktop
3.18611916287694	desktop
3.17097919651724	desktop
3.20596803805238	desktop
3.16773059911245	desktop
3.18642698259719	desktop
3.16017619014464	desktop
3.15489744839439	desktop
3.19673344644487	desktop
3.17006673091793	desktop
3.17088391898478	desktop
3.15490294517511	desktop
3.1623034442828	desktop
3.15915745345143	desktop
3.19741687951423	desktop
3.19140340140791	desktop
3.2015486263545	desktop
3.1681263673242	desktop
3.18119954413365	desktop
3.16673201728188	desktop
3.19203003440985	desktop
3.15412789909376	desktop
3.19867014551811	desktop
3.1720235848538	desktop
3.17331899284319	desktop
3.18466251598647	desktop
3.14361072531854	desktop
3.16283479975228	desktop
3.18118855057222	desktop
3.20521681135415	desktop
3.15088846299018	desktop
3.16259843818137	desktop
3.17853360548505	desktop
3.16361534261434	desktop
3.1714958939048	desktop
3.19233968639034	desktop
3.19259986734436	desktop
3.20903890621393	desktop
3.17054495084046	desktop
3.1662611264003	desktop
3.17356085119482	desktop
3.1698065499639	desktop
3.17257143066544	desktop
3.15972911864618	desktop
3.16791748965689	desktop
3.18474679995749	desktop
3.15191819324482	desktop
3.22740914737602	desktop
3.18115740214814	desktop
3.19956428851503	desktop
3.1548699644908	desktop
3.1798363425154	desktop
3.20341936405912	desktop
3.17446598775317	desktop
3.16858992916482	desktop
3.1962350716597	desktop
3.17738294605459	desktop
3.1829511849227	desktop
3.18658272471756	desktop
3.20999717831923	desktop
3.17192097828039	desktop
3.18804853290923	desktop
3.17840901178876	desktop
3.17243401114747	desktop
3.17509628527559	desktop
3.18181335131391	desktop
3.19591259385753	desktop
3.18239234554962	desktop
3.18853224961248	desktop
3.1885890496799	desktop
3.21107271507987	desktop
3.17643749977097	desktop
3.20164207162672	desktop
3.18636651800929	desktop
3.17409037440406	desktop
3.16336615522176	desktop
3.17298735373983	desktop
3.12993107036979	desktop
3.16645168146522	desktop
3.19303960980186	desktop
3.15568165577693	desktop
3.17221597217896	desktop
3.18142491214312	desktop
3.16385903322621	desktop
3.18697849292931	desktop
3.17378805146453	desktop
3.18211200973297	desktop
3.15028564937135	desktop
3.16022016439039	desktop
3.15703752835423	desktop
3.17952302601443	desktop
3.21341800818654	desktop
3.1873486094977	desktop
3.19295166131036	desktop
3.19629920076808	desktop
3.16482463437247	desktop
3.1987159520241	desktop
3.19140523366815	desktop
3.17994444586954	desktop
3.2027890665367	desktop
3.17638619648426	desktop
3.21937285396519	desktop
3.19423974025879	desktop
3.20201585271559	desktop
3.16456262115821	desktop
3.1667979786505	desktop
3.17642833846977	desktop
3.14845338913176	desktop
3.16058844869855	desktop
3.19329429397516	desktop
3.15831278148098	desktop
3.15926189228509	desktop
