revert_rate	type
0.0857187064830574	mobile
0.0862560308328527	mobile
0.0853811205041284	mobile
0.0871928319243807	mobile
0.0856089910399055	mobile
0.08637981235846	mobile
0.0856962007511288	mobile
0.0864051313068797	mobile
0.0857327725655128	mobile
0.0859550166683077	mobile
0.0859353241528702	mobile
0.0864191973893351	mobile
0.0872912945015684	mobile
0.0864445163377548	mobile
0.0864670220696834	mobile
0.0854542641328963	mobile
0.0862110193689955	mobile
0.0859100052044505	mobile
0.085479583081316	mobile
0.0857552782974414	mobile
0.0855949249574501	mobile
0.0863685594924958	mobile
0.0857552782974414	mobile
0.0862025797195223	mobile
0.0855414738441197	mobile
0.0854964623802625	mobile
0.0862194590184688	mobile
0.0857355857820039	mobile
0.0862729101317992	mobile
0.0863573066265314	mobile
0.0855949249574501	mobile
0.0864473295542458	mobile
0.0862138325854866	mobile
0.0866442547086211	mobile
0.0862475911833795	mobile
0.0858987523384862	mobile
0.0859578298847988	mobile
0.0866273754096746	mobile
0.0857383989984949	mobile
0.085066040257128	mobile
0.0861435021732097	mobile
0.0863207348121475	mobile
0.0861997665030312	mobile
0.0868130476980856	mobile
0.0870437314503538	mobile
0.087091556130702	mobile
0.0868524327289607	mobile
0.0863376141110939	mobile
0.0863460537605671	mobile
0.0865120335335406	mobile
0.0864191973893351	mobile
0.0854627037823696	mobile
0.0853979998030748	mobile
0.0867933551826481	mobile
0.0862897894307456	mobile
0.0866667604405497	mobile
0.0859887752662006	mobile
0.0862335251009241	mobile
0.0860225338640935	mobile
0.0857496518644592	mobile
0.0858312351427004	mobile
0.0858002897612986	mobile
0.0860759849774239	mobile
0.0856540025037627	mobile
0.0850969856385298	mobile
0.0865035938840674	mobile
0.0866358150591479	mobile
0.0866583207910765	mobile
0.0863938784409154	mobile
0.086452955987228	mobile
0.0867567833682641	mobile
0.0861744475546116	mobile
0.0862700969153081	mobile
0.0866723868735318	mobile
0.0860309735135667	mobile
0.0862729101317992	mobile
0.0856849478851645	mobile
0.0857805972458611	mobile
0.0862926026472367	mobile
0.0877442223566315	mobile
0.0862504043998706	mobile
0.0857609047304235	mobile
0.0861603814721562	mobile
0.0870043464194787	mobile
0.0860900510598793	mobile
0.0860197206476024	mobile
0.0862560308328527	mobile
0.0859100052044505	mobile
0.0860619188949686	mobile
0.0868158609145767	mobile
0.0859353241528702	mobile
0.0864248238223172	mobile
0.0868777516773803	mobile
0.0861013039258436	mobile
0.0861688211216294	mobile
0.0859859620497095	mobile
0.0859944016991828	mobile
0.086303855513201	mobile
0.08577778402937	mobile
0.0855020888132446	mobile
0.0858790598230487	mobile
0.0863573066265314	mobile
0.086602056461255	mobile
0.0863966916574065	mobile
0.0855555399265751	mobile
0.0864051313068797	mobile
0.0860281602970757	mobile
0.0860056545651471	mobile
0.0863826255749511	mobile
0.0865598582138889	mobile
0.0859859620497095	mobile
0.0857383989984949	mobile
0.0854092526690391	mobile
0.0863235480286385	mobile
0.0863348008946028	mobile
0.0858959391219951	mobile
0.0858565540911201	mobile
0.0862053929360134	mobile
0.0863573066265314	mobile
0.0864782749356477	mobile
0.0861688211216294	mobile
0.0859493902353256	mobile
0.086078798193915	mobile
0.0855442870606107	mobile
0.0866104961107282	mobile
0.0858002897612986	mobile
0.0848156639894223	mobile
0.087128127945086	mobile
0.0857974765448075	mobile
0.0859212580704148	mobile
0.0858059161942807	mobile
0.085102612071512	mobile
0.086413570956353	mobile
0.0862560308328527	mobile
0.0862616572658349	mobile
0.0870437314503538	mobile
0.0860928642763704	mobile
0.0861688211216294	mobile
0.0859606431012899	mobile
0.0872997341510416	mobile
0.0858593673076112	mobile
0.0862700969153081	mobile
0.0863854387914422	mobile
0.0860928642763704	mobile
0.086602056461255	mobile
0.0857440254314771	mobile
0.0860225338640935	mobile
0.0861941400700491	mobile
0.0869340160072018	mobile
0.0861238096577722	mobile
0.0852657786279943	mobile
0.0856849478851645	mobile
0.0865823639458174	mobile
0.0865260996159959	mobile
0.0860984907093525	mobile
0.0862897894307456	mobile
0.0867202115538801	mobile
0.0868439930794874	mobile
0.086565484646871	mobile
0.0860619188949686	mobile
0.085814355843754	mobile
0.0860591056784775	mobile
0.0871393808110503	mobile
0.0858087294107718	mobile
0.0865739242963442	mobile
0.086751156935282	mobile
0.0864445163377548	mobile
0.0865148467500317	mobile
0.0860000281321649	mobile
0.0862475911833795	mobile
0.0863713727089868	mobile
0.0860450395960221	mobile
0.0865795507293264	mobile
0.0852601521950122	mobile
0.0857580915139325	mobile
0.0863432405440761	mobile
0.0865260996159959	mobile
0.0865908035952907	mobile
0.0861885136370669	mobile
0.0858874994725219	mobile
0.0860084677816381	mobile
0.0862532176163617	mobile
0.0856568157202538	mobile
0.0862025797195223	mobile
0.0858002897612986	mobile
0.0871056222131574	mobile
0.0857834104623521	mobile
0.0863685594924958	mobile
0.0861772607711026	mobile
0.0858199822767361	mobile
0.0857496518644592	mobile
0.0858256087097183	mobile
0.0855864853079769	mobile
0.0855274077616643	mobile
0.0862166458019777	mobile
0.0857946633283164	mobile
0.086376999141969	mobile
0.0857468386479682	mobile
0.0866948926054605	mobile
0.0865092203170495	mobile
0.0861069303588258	mobile
0.0865992432447639	mobile
0.0870324785843895	mobile
0.0852488993290479	mobile
0.0862560308328527	mobile
0.0861238096577722	mobile
0.0858002897612986	mobile
0.0870774900482467	mobile
0.0857130800500753	mobile
0.0856708818027091	mobile
0.0856624421532359	mobile
0.0865148467500317	mobile
0.086267283698817	mobile
0.0849816437623957	mobile
0.0862363383174152	mobile
0.0859240712869059	mobile
0.0860337867300578	mobile
0.0860844246268972	mobile
0.0864417031212637	mobile
0.0867595965847552	mobile
0.0847734657420562	mobile
0.0858621805241022	mobile
0.086115370008299	mobile
0.0864557692037191	mobile
0.0861209964412811	mobile
0.0869283895742197	mobile
0.0865429789149424	mobile
0.086492341018103	mobile
0.085665255369727	mobile
0.0854008130195659	mobile
0.0863348008946028	mobile
0.0858649937405933	mobile
0.086078798193915	mobile
0.0861435021732097	mobile
0.0862475911833795	mobile
0.0864613956367012	mobile
0.0861491286061919	mobile
0.0849563248139761	mobile
0.0865035938840674	mobile
0.085592111740959	mobile
0.085853740874629	mobile
0.08637981235846	mobile
0.0867736626672106	mobile
0.0850772931230923	mobile
0.0867567833682641	mobile
0.0863122951626742	mobile
0.0863995048738976	mobile
0.0858087294107718	mobile
0.0861941400700491	mobile
0.0867061454714248	mobile
0.0866808265230051	mobile
0.0859859620497095	mobile
0.0862560308328527	mobile
0.085178568916771	mobile
0.086340427327585	mobile
0.0868046080486124	mobile
0.0861828872040848	mobile
0.0857299593490217	mobile
0.0859634563177809	mobile
0.0858059161942807	mobile
0.0856061778234144	mobile
0.086227898667942	mobile
0.0860478528125132	mobile
0.0856455628542895	mobile
0.0861041171423347	mobile
0.0863432405440761	mobile
0.085628683555343	mobile
0.0861041171423347	mobile
0.0857271461325306	mobile
0.0856202439058698	mobile
0.0858284219262093	mobile
0.0859944016991828	mobile
0.0862391515339063	mobile
0.0861406889567187	mobile
0.0858846862560308	mobile
0.0857383989984949	mobile
0.0861463153897008	mobile
0.0862869762142546	mobile
0.0857637179469146	mobile
0.0853136033083426	mobile
0.0856568157202538	mobile
0.0854570773493874	mobile
0.0864445163377548	mobile
0.0861041171423347	mobile
0.0862053929360134	mobile
0.0862447779668884	mobile
0.0868243005640499	mobile
0.0856455628542895	mobile
0.0859015655549773	mobile
0.0861181832247901	mobile
0.086154755039174	mobile
0.0858931259055041	mobile
0.0863685594924958	mobile
0.0857693443798968	mobile
0.0862757233482903	mobile
0.0860647321114596	mobile
0.0864979674510852	mobile
0.0855330341946464	mobile
0.0866330018426568	mobile
0.086827113780541	mobile
0.0859606431012899	mobile
0.086078798193915	mobile
0.0854936491637714	mobile
0.0861041171423347	mobile
0.08577778402937	mobile
0.0869227631412375	mobile
0.0861772607711026	mobile
0.0864079445233708	mobile
0.0868524327289607	mobile
0.0860478528125132	mobile
0.0869902803370233	mobile
0.0865626714303799	mobile
0.085817169060245	mobile
0.085217953947646	mobile
0.0866273754096746	mobile
0.0864979674510852	mobile
0.0873475588313899	mobile
0.0868017948321213	mobile
0.0854880227307892	mobile
0.0863066687296921	mobile
0.0861041171423347	mobile
0.0857130800500753	mobile
0.0868833781103625	mobile
0.0865317260489781	mobile
0.0872153376563093	mobile
0.0857946633283164	mobile
0.0852742182774675	mobile
0.0862926026472367	mobile
0.0853586147721998	mobile
0.0855864853079769	mobile
0.0863263612451296	mobile
0.0866104961107282	mobile
0.0860675453279507	mobile
0.0855217813286821	mobile
0.0862700969153081	mobile
0.0865373524819602	mobile
0.0856877611016556	mobile
0.0862841629977635	mobile
0.0859043787714684	mobile
0.086376999141969	mobile
0.0861491286061919	mobile
0.0865992432447639	mobile
0.0859240712869059	mobile
0.0855892985244679	mobile
0.0854176923185124	mobile
0.0863629330595136	mobile
0.0859043787714684	mobile
0.0862138325854866	mobile
0.0856258703388519	mobile
0.0860984907093525	mobile
0.0866442547086211	mobile
0.0856821346686734	mobile
0.0860759849774239	mobile
0.0867624098012462	mobile
0.0871056222131574	mobile
0.0862841629977635	mobile
0.0864051313068797	mobile
0.0861463153897008	mobile
0.0858931259055041	mobile
0.0860647321114596	mobile
0.0867342776363355	mobile
0.0859128184209416	mobile
0.0864191973893351	mobile
0.0855442870606107	mobile
0.0858959391219951	mobile
0.08577778402937	mobile
0.0859915884826917	mobile
0.0865964300282728	mobile
0.086227898667942	mobile
0.0864388899047726	mobile
0.0860169074311114	mobile
0.085592111740959	mobile
0.0858481144416469	mobile
0.0858031029777897	mobile
0.0856427496377984	mobile
0.0867652230177373	mobile
0.0863010422967099	mobile
0.0854992755967535	mobile
0.0860591056784775	mobile
0.0872912945015684	mobile
0.0856849478851645	mobile
0.0862954158637278	mobile
0.0865176599665227	mobile
0.0862700969153081	mobile
0.0863910652244243	mobile
0.0854205055350035	mobile
0.0862082061525045	mobile
0.0855245945451732	mobile
0.086602056461255	mobile
0.0857524650809503	mobile
0.0858424880086647	mobile
0.0861350625237365	mobile
0.0859690827507631	mobile
0.0860140942146203	mobile
0.0864220106058262	mobile
0.0862785365647813	mobile
0.0862391515339063	mobile
0.0859803356167274	mobile
0.0853867469371105	mobile
0.0861041171423347	mobile
0.0862504043998706	mobile
0.0859634563177809	mobile
0.086267283698817	mobile
0.0865542317809067	mobile
0.0859747091837452	mobile
0.0857468386479682	mobile
0.0859156316374327	mobile
0.0866189357602014	mobile
0.0859409505858523	mobile
0.0862194590184688	mobile
0.0862813497812724	mobile
0.08603941316304	mobile
0.0862588440493438	mobile
0.0861772607711026	mobile
0.0855077152462268	mobile
0.0868974441928179	mobile
0.0859100052044505	mobile
0.0861688211216294	mobile
0.0864557692037191	mobile
0.0860506660290043	mobile
0.085668068586218	mobile
0.0864332634717905	mobile
0.0861744475546116	mobile
0.0862813497812724	mobile
0.0867399040693177	mobile
0.0859437638023434	mobile
0.087052171099827	mobile
0.0875107253878722	mobile
0.0855161548957	mobile
0.0867399040693177	mobile
0.0861378757402276	mobile
0.0855330341946464	mobile
0.0860337867300578	mobile
0.0869818406875501	mobile
0.0870971825636842	mobile
0.0860534792454953	mobile
0.086489527801612	mobile
0.0865232863995049	mobile
0.0860562924619864	mobile
0.0861969532865402	mobile
0.0857834104623521	mobile
0.0859325109363791	mobile
0.0853895601536016	mobile
0.0865064071005584	mobile
0.0858678069570844	mobile
0.085814355843754	mobile
0.0865908035952907	mobile
0.0860534792454953	mobile
0.0856343099883251	mobile
0.0863966916574065	mobile
0.0852010746486996	mobile
0.0867792891001927	mobile
0.0863938784409154	mobile
0.087240656604729	mobile
0.0859915884826917	mobile
0.0859184448539237	mobile
0.0862757233482903	mobile
0.0854345716174588	mobile
0.0866245621931836	mobile
0.0857721575963878	mobile
0.0867342776363355	mobile
0.0860956774928615	mobile
0.0859409505858523	mobile
0.0860225338640935	mobile
0.085665255369727	mobile
0.0857552782974414	mobile
0.0859522034518166	mobile
0.0859887752662006	mobile
0.0864670220696834	mobile
0.0858818730395398	mobile
0.0863432405440761	mobile
0.0865711110798531	mobile
0.0864276370388083	mobile
0.08664144149213	mobile
0.0856314967718341	mobile
0.0862616572658349	mobile
0.0867821023166838	mobile
0.0863685594924958	mobile
0.0862700969153081	mobile
0.0860365999465489	mobile
0.0865120335335406	mobile
0.0865711110798531	mobile
0.087091556130702	mobile
0.0858312351427004	mobile
0.0859325109363791	mobile
0.085327669390798	mobile
0.0862869762142546	mobile
0.0852854711434318	mobile
0.0858649937405933	mobile
0.0865486053479246	mobile
0.0867117719044069	mobile
0.0864276370388083	mobile
0.086227898667942	mobile
0.0866133093272193	mobile
0.0866330018426568	mobile
0.0860984907093525	mobile
0.0870606107493002	mobile
0.0856933875346377	mobile
0.0859803356167274	mobile
0.0863854387914422	mobile
0.0856371232048162	mobile
0.086340427327585	mobile
0.0867230247703712	mobile
0.0861294360907544	mobile
0.0857946633283164	mobile
0.0864698352861745	mobile
0.0858818730395398	mobile
0.0866948926054605	mobile
0.0868721252443982	mobile
0.0858453012251558	mobile
0.0863713727089868	mobile
0.0859437638023434	mobile
0.0857130800500753	mobile
0.0854317584009677	mobile
0.0859606431012899	mobile
0.0862194590184688	mobile
0.0861013039258436	mobile
0.0861603814721562	mobile
0.0856314967718341	mobile
0.0863995048738976	mobile
0.0864726485026655	mobile
0.0862926026472367	mobile
0.0860309735135667	mobile
0.0866611340075676	mobile
0.086376999141969	mobile
0.0856596289367448	mobile
0.0862335251009241	mobile
0.0862475911833795	mobile
0.0858453012251558	mobile
0.0862588440493438	mobile
0.0872856680685862	mobile
0.0855780456585036	mobile
0.0862447779668884	mobile
0.0868074212651035	mobile
0.0857580915139325	mobile
0.0859100052044505	mobile
0.0855471002771018	mobile
0.0858087294107718	mobile
0.0855133416792089	mobile
0.0857187064830574	mobile
0.0863066687296921	mobile
0.086303855513201	mobile
0.0855189681121911	mobile
0.0866076828942371	mobile
0.086267283698817	mobile
0.0856765082356913	mobile
0.086151941822683	mobile
0.0864613956367012	mobile
0.0863938784409154	mobile
0.0867792891001927	mobile
0.0864388899047726	mobile
0.0855189681121911	mobile
0.0849366322985385	mobile
0.0859944016991828	mobile
0.0865598582138889	mobile
0.0857890368953343	mobile
0.086413570956353	mobile
0.085704640400602	mobile
0.0870184125019341	mobile
0.0858931259055041	mobile
0.0858199822767361	mobile
0.0853248561743069	mobile
0.086191326853558	mobile
0.0861772607711026	mobile
0.0854711434318428	mobile
0.0865682978633621	mobile
0.0863432405440761	mobile
0.086717398337389	mobile
0.0856793214521823	mobile
0.0863348008946028	mobile
0.0856061778234144	mobile
0.0862138325854866	mobile
0.0863629330595136	mobile
0.0867061454714248	mobile
0.0863882520079333	mobile
0.0867877287496659	mobile
0.08637981235846	mobile
0.085741212214986	mobile
0.0859071919879594	mobile
0.0862419647503974	mobile
0.0863376141110939	mobile
0.0860900510598793	mobile
0.0865851771623085	mobile
0.0873334927489345	mobile
0.0864417031212637	mobile
0.086227898667942	mobile
0.0862757233482903	mobile
0.0871843922749075	mobile
0.0861772607711026	mobile
0.0858340483591915	mobile
0.0871309411615771	mobile
0.0851982614322085	mobile
0.0855133416792089	mobile
0.0854261319679856	mobile
0.0865739242963442	mobile
0.085966269534272	mobile
0.0862447779668884	mobile
0.0860365999465489	mobile
0.0857693443798968	mobile
0.0859578298847988	mobile
0.0854908359472803	mobile
0.0856483760707805	mobile
0.0865035938840674	mobile
0.0857974765448075	mobile
0.0863122951626742	mobile
0.085592111740959	mobile
0.0866245621931836	mobile
0.0870549843163181	mobile
0.0862419647503974	mobile
0.0862954158637278	mobile
0.086827113780541	mobile
0.0863319876781118	mobile
0.085853740874629	mobile
0.0865908035952907	mobile
0.0861435021732097	mobile
0.0856877611016556	mobile
0.0859325109363791	mobile
0.0861941400700491	mobile
0.0856371232048162	mobile
0.0872462830377112	mobile
0.0863826255749511	mobile
0.0863460537605671	mobile
0.0860984907093525	mobile
0.0866583207910765	mobile
0.0861181832247901	mobile
0.0870043464194787	mobile
0.0866189357602014	mobile
0.086489527801612	mobile
0.0860253470805846	mobile
0.0857946633283164	mobile
0.0861435021732097	mobile
0.0862982290802189	mobile
0.0862250854514509	mobile
0.0869537085226394	mobile
0.0865204731830138	mobile
0.0856230571223608	mobile
0.0857918501118254	mobile
0.0862363383174152	mobile
0.0873588116973542	mobile
0.0863319876781118	mobile
0.0866273754096746	mobile
0.0858678069570844	mobile
0.0859184448539237	mobile
0.0855386606276286	mobile
0.0857946633283164	mobile
0.0862110193689955	mobile
0.0865936168117818	mobile
0.0865879903787996	mobile
0.0862447779668884	mobile
0.0867652230177373	mobile
0.0858481144416469	mobile
0.0859775224002363	mobile
0.0861575682556651	mobile
0.0862307118844331	mobile
0.0866217489766925	mobile
0.0863094819461832	mobile
0.0858453012251558	mobile
0.0863544934100404	mobile
0.0864388899047726	mobile
0.0855189681121911	mobile
0.0863066687296921	mobile
0.0862307118844331	mobile
0.0855386606276286	mobile
0.0863348008946028	mobile
0.0868439930794874	mobile
0.086115370008299	mobile
0.0859944016991828	mobile
0.0865176599665227	mobile
0.0869199499247465	mobile
0.0855667927925394	mobile
0.0864191973893351	mobile
0.0862841629977635	mobile
0.0861744475546116	mobile
0.0859859620497095	mobile
0.0861181832247901	mobile
0.0865317260489781	mobile
0.0858199822767361	mobile
0.0865598582138889	mobile
0.0867342776363355	mobile
0.0865317260489781	mobile
0.0862419647503974	mobile
0.0865035938840674	mobile
0.0869452688731661	mobile
0.0862785365647813	mobile
0.086042226379531	mobile
0.0857946633283164	mobile
0.0857637179469146	mobile
0.0864107577398619	mobile
0.0861406889567187	mobile
0.0862138325854866	mobile
0.087876443531712	mobile
0.0862532176163617	mobile
0.0854345716174588	mobile
0.0853248561743069	mobile
0.086413570956353	mobile
0.0855358474111375	mobile
0.0861772607711026	mobile
0.0864304502552994	mobile
0.0862082061525045	mobile
0.0849788305459047	mobile
0.0869312027907108	mobile
0.0858706201735755	mobile
0.0859184448539237	mobile
0.0862053929360134	mobile
0.0860703585444418	mobile
0.0852967240093961	mobile
0.0859325109363791	mobile
0.0861266228742633	mobile
0.0860309735135667	mobile
0.086002841348656	mobile
0.0856736950192002	mobile
0.0861406889567187	mobile
0.0857552782974414	mobile
0.0859859620497095	mobile
0.0862926026472367	mobile
0.0864867145851209	mobile
0.0861322493072454	mobile
0.0862700969153081	mobile
0.0858734333900665	mobile
0.08637981235846	mobile
0.0867849155331749	mobile
0.0864276370388083	mobile
0.0855864853079769	mobile
0.0866161225437103	mobile
0.0858087294107718	mobile
0.0853164165248337	mobile
0.0869649613886037	mobile
0.0861238096577722	mobile
0.0857271461325306	mobile
0.086376999141969	mobile
0.0858256087097183	mobile
0.0861688211216294	mobile
0.0859775224002363	mobile
0.0855724192255215	mobile
0.085741212214986	mobile
0.0863319876781118	mobile
0.0863010422967099	mobile
0.086452955987228	mobile
0.0857327725655128	mobile
0.0850435345251994	mobile
0.0859944016991828	mobile
0.0859578298847988	mobile
0.0863122951626742	mobile
0.0868749384608893	mobile
0.0858002897612986	mobile
0.0859128184209416	mobile
0.0863263612451296	mobile
0.0865739242963442	mobile
0.0864304502552994	mobile
0.0862307118844331	mobile
0.0854486376999142	mobile
0.0865908035952907	mobile
0.0855133416792089	mobile
0.0857609047304235	mobile
0.0865823639458174	mobile
0.0859522034518166	mobile
0.0860197206476024	mobile
0.0864079445233708	mobile
0.0863713727089868	mobile
0.0858621805241022	mobile
0.0867877287496659	mobile
0.0863263612451296	mobile
0.0861097435753168	mobile
0.0853220429578158	mobile
0.0860506660290043	mobile
0.0867989816156302	mobile
0.0860197206476024	mobile
0.0853107900918515	mobile
0.0867764758837016	mobile
0.0861266228742633	mobile
0.0863151083791653	mobile
0.0864051313068797	mobile
0.0851391838858959	mobile
0.0866245621931836	mobile
0.0864360766882815	mobile
0.0856455628542895	mobile
0.0855724192255215	mobile
0.0856540025037627	mobile
0.0869874671205323	mobile
0.0855696060090304	mobile
0.0858846862560308	mobile
0.0860872378433882	mobile
0.0861772607711026	mobile
0.0859156316374327	mobile
0.0858959391219951	mobile
0.0860872378433882	mobile
0.0859043787714684	mobile
0.0870099728524609	mobile
0.0861069303588258	mobile
0.085701827184111	mobile
0.0869480820896572	mobile
0.0864585824202102	mobile
0.0856118042563966	mobile
0.0858621805241022	mobile
0.0854233187514945	mobile
0.0865092203170495	mobile
0.0864445163377548	mobile
0.0857243329160396	mobile
0.0866583207910765	mobile
0.0860759849774239	mobile
0.0862588440493438	mobile
0.0857890368953343	mobile
0.0857102668335842	mobile
0.0861209964412811	mobile
0.0854598905658785	mobile
0.085443011266932	mobile
0.0858199822767361	mobile
0.0861631946886473	mobile
0.0863460537605671	mobile
0.0867117719044069	mobile
0.0863629330595136	mobile
0.0855977381739412	mobile
0.0866667604405497	mobile
0.0856399364213073	mobile
0.0863235480286385	mobile
0.086452955987228	mobile
0.0861688211216294	mobile
0.0862700969153081	mobile
0.0859240712869059	mobile
0.0860731717609329	mobile
0.0861041171423347	mobile
0.086002841348656	mobile
0.0857299593490217	mobile
0.0860056545651471	mobile
0.0859887752662006	mobile
0.0861463153897008	mobile
0.0862926026472367	mobile
0.0865204731830138	mobile
0.0856314967718341	mobile
0.0859775224002363	mobile
0.0864360766882815	mobile
0.0864051313068797	mobile
0.0862785365647813	mobile
0.0862560308328527	mobile
0.0860872378433882	mobile
0.0859859620497095	mobile
0.0867202115538801	mobile
0.0855583531430661	mobile
0.0862250854514509	mobile
0.0855049020297357	mobile
0.0855836720914858	mobile
0.0865120335335406	mobile
0.0854233187514945	mobile
0.0865570449973978	mobile
0.0868946309763268	mobile
0.0858931259055041	mobile
0.0857158932665663	mobile
0.0857721575963878	mobile
0.0865486053479246	mobile
0.0858931259055041	mobile
0.0866358150591479	mobile
0.0862588440493438	mobile
0.0867342776363355	mobile
0.0858565540911201	mobile
0.0862194590184688	mobile
0.0853136033083426	mobile
0.0857721575963878	mobile
0.0858874994725219	mobile
0.0857271461325306	mobile
0.087204084790345	mobile
0.0863995048738976	mobile
0.0868608723784339	mobile
0.0868383666465053	mobile
0.0855105284627179	mobile
0.0869452688731661	mobile
0.0859634563177809	mobile
0.0849985230613422	mobile
0.0863263612451296	mobile
0.0857637179469146	mobile
0.0855864853079769	mobile
0.0865542317809067	mobile
0.0868580591619428	mobile
0.0859887752662006	mobile
0.0873194266664791	mobile
0.086976214254568	mobile
0.085926884503397	mobile
0.086227898667942	mobile
0.0858424880086647	mobile
0.086227898667942	mobile
0.0857440254314771	mobile
0.0861631946886473	mobile
0.0855667927925394	mobile
0.0863235480286385	mobile
0.0863544934100404	mobile
0.086115370008299	mobile
0.0859915884826917	mobile
0.0858115426272629	mobile
0.0862363383174152	mobile
0.0859887752662006	mobile
0.0855949249574501	mobile
0.0855414738441197	mobile
0.0870184125019341	mobile
0.0861238096577722	mobile
0.085479583081316	mobile
0.0862700969153081	mobile
0.0870971825636842	mobile
0.0856146174728876	mobile
0.0855386606276286	mobile
0.086042226379531	mobile
0.0868186741310678	mobile
0.0860140942146203	mobile
0.0867286512033534	mobile
0.0854711434318428	mobile
0.0856933875346377	mobile
0.0846975088967972	mobile
0.0855442870606107	mobile
0.0854936491637714	mobile
0.0861378757402276	mobile
0.0869987199864966	mobile
0.0859128184209416	mobile
0.0856877611016556	mobile
0.086154755039174	mobile
0.0861828872040848	mobile
0.0861435021732097	mobile
0.0870493578833359	mobile
0.0865570449973978	mobile
0.0863122951626742	mobile
0.0860225338640935	mobile
0.0853389222567623	mobile
0.0865317260489781	mobile
0.0871534468935057	mobile
0.0859747091837452	mobile
0.0867764758837016	mobile
0.086416384172844	mobile
0.0855077152462268	mobile
0.0866048696777461	mobile
0.0874769667899793	mobile
0.0855161548957	mobile
0.0865204731830138	mobile
0.0869115102752732	mobile
0.0853811205041284	mobile
0.0862391515339063	mobile
0.0858621805241022	mobile
0.0867680362342284	mobile
0.0869593349556215	mobile
0.0864445163377548	mobile
0.0854092526690391	mobile
0.0861772607711026	mobile
0.0862926026472367	mobile
0.0858846862560308	mobile
0.0863995048738976	mobile
0.0866245621931836	mobile
0.0864191973893351	mobile
0.0857243329160396	mobile
0.0860928642763704	mobile
0.0863601198430225	mobile
0.0863291744616207	mobile
0.086492341018103	mobile
0.0858706201735755	mobile
0.08664144149213	mobile
0.0865767375128353	mobile
0.0867961683991392	mobile
0.0856202439058698	mobile
0.0857524650809503	mobile
0.0859071919879594	mobile
0.0860534792454953	mobile
0.0870409182338627	mobile
0.085628683555343	mobile
0.0857383989984949	mobile
0.0858453012251558	mobile
0.086042226379531	mobile
0.0862166458019777	mobile
0.085668068586218	mobile
0.0860084677816381	mobile
0.0862475911833795	mobile
0.0861266228742633	mobile
0.0865457921314335	mobile
0.0864951542345941	mobile
0.0861463153897008	mobile
0.0861997665030312	mobile
0.086717398337389	mobile
0.0857946633283164	mobile
0.086528912832487	mobile
0.0864248238223172	mobile
0.0859353241528702	mobile
0.0869199499247465	mobile
0.0861857004205759	mobile
0.0873728777798096	mobile
0.0867877287496659	mobile
0.086264470482326	mobile
0.0860900510598793	mobile
0.0853979998030748	mobile
0.0867708494507195	mobile
0.085741212214986	mobile
0.0853558015557087	mobile
0.0868074212651035	mobile
0.0856033646069233	mobile
0.0865711110798531	mobile
0.0858424880086647	mobile
0.0854317584009677	mobile
0.0869199499247465	mobile
0.0863741859254779	mobile
0.0866273754096746	mobile
0.0865007806675763	mobile
0.087240656604729	mobile
0.0861125567918079	mobile
0.0867202115538801	mobile
0.0864445163377548	mobile
0.085890312689013	mobile
0.0857074536170931	mobile
0.0410478170194901	desktop
0.0414216602556952	desktop
0.0411840696796104	desktop
0.0412649696965568	desktop
0.0409592527904119	desktop
0.0409422212078969	desktop
0.0410129022753343	desktop
0.0412768918043173	desktop
0.040893681197729	desktop
0.041243680218413	desktop
0.0409856517433102	desktop
0.0412556023261735	desktop
0.0411695928344726	desktop
0.041350127609132	desktop
0.0411440454607001	desktop
0.0414029255149286	desktop
0.0414174023600664	desktop
0.0413135097067247	desktop
0.0410597391272506	desktop
0.0412257970567722	desktop
0.0413041423363414	desktop
0.0407446548507224	desktop
0.0412462349557903	desktop
0.041137232827694	desktop
0.0407182558978241	desktop
0.0409115643593698	desktop
0.0409907612180647	desktop
0.0412351644271555	desktop
0.0410938022922807	desktop
0.0411636317805923	desktop
0.0412521960096705	desktop
0.0415315139629171	desktop
0.0409056033054895	desktop
0.0411551159893348	desktop
0.0410657001811309	desktop
0.0407122948439439	desktop
0.0413194707606049	desktop
0.0413347991848685	desktop
0.0411866244169876	desktop
0.0412947749659581	desktop
0.0410869896592747	desktop
0.0411917338917422	desktop
0.0409439243661484	desktop
0.0417835813841397	desktop
0.0412734854878143	desktop
0.0412624149591796	desktop
0.0410878412384004	desktop
0.0411363812485683	desktop
0.0411534128310833	desktop
0.0412479381140418	desktop
0.041230054952401	desktop
0.0413986676192998	desktop
0.0414216602556952	desktop
0.0411729991509756	desktop
0.0411747023092271	desktop
0.0411125370330472	desktop
0.0408587664535732	desktop
0.0412811496999461	desktop
0.0414029255149286	desktop
0.0411661865179696	desktop
0.0413254318144852	desktop
0.0412888139120779	desktop
0.0411329749320653	desktop
0.0412002496829997	desktop
0.0414514655250965	desktop
0.0411534128310833	desktop
0.0411287170364365	desktop
0.0414156992018149	desktop
0.0411057244000412	desktop
0.0410886928175262	desktop
0.0409549948947831	desktop
0.0414284728887012	desktop
0.0407761632783753	desktop
0.0416260392458756	desktop
0.041099763346161	desktop
0.0409873549015617	desktop
0.0415408813333004	desktop
0.0411074275582927	desktop
0.0407676474871177	desktop
0.0410461138612386	desktop
0.0412249454776465	desktop
0.0408860169855972	desktop
0.0412130233698859	desktop
0.0408877201438487	desktop
0.0411678896762211	desktop
0.0412564539052993	desktop
0.0411976949456224	desktop
0.04110998229567	desktop
0.0409413696287711	desktop
0.0409081580428668	desktop
0.0408689854030822	desktop
0.040983097005933	desktop
0.0413543855047608	desktop
0.0411355296694425	desktop
0.0411491549354546	desktop
0.0412257970567722	desktop
0.0411219044034305	desktop
0.0410146054335858	desktop
0.0410486685986158	desktop
0.0412206875820177	desktop
0.0411321233529395	desktop
0.0409822454268072	desktop
0.0414080349896831	desktop
0.0412445317975388	desktop
0.0411576707267121	desktop
0.0411670380970953	desktop
0.0410290822787236	desktop
0.0413245802353594	desktop
0.0409771359520527	desktop
0.0411781086257301	desktop
0.0411389359859455	desktop
0.0409745812146754	desktop
0.0412820012790718	desktop
0.0408187422346628	desktop
0.0409268927836333	desktop
0.0409234864671303	desktop
0.0415093729056476	desktop
0.041133826511191	desktop
0.0410588875481249	desktop
0.0408102264434053	desktop
0.0409643622651664	desktop
0.0413790812994076	desktop
0.0414659423702342	desktop
0.0408417348710581	desktop
0.0414156992018149	desktop
0.0413177676023534	desktop
0.0409873549015617	desktop
0.0408187422346628	desktop
0.0411883275752391	desktop
0.0410197149083403	desktop
0.0408349222380521	desktop
0.0409618075277892	desktop
0.0411150917704245	desktop
0.0412070623160057	desktop
0.0413901518280423	desktop
0.0412496412722933	desktop
0.0411917338917422	desktop
0.0411057244000412	desktop
0.0413646044542698	desktop
0.04124027390191	desktop
0.0414148476226891	desktop
0.0410520749151188	desktop
0.0412981812824611	desktop
0.0413084002319702	desktop
0.0411414907233228	desktop
0.0409524401574059	desktop
0.040873243298711	desktop
0.0414540202624737	desktop
0.0411253107199335	desktop
0.0413339476057427	desktop
0.0413884486697908	desktop
0.0410929507131549	desktop
0.041010347537957	desktop
0.0411091307165442	desktop
0.041010347537957	desktop
0.0415051150100188	desktop
0.0412147265281375	desktop
0.041099763346161	desktop
0.0410503717568673	desktop
0.0413833391950363	desktop
0.0410597391272506	desktop
0.0409635106860407	desktop
0.0409677685816694	desktop
0.0411934370499937	desktop
0.0410844349218974	desktop
0.0409609559486634	desktop
0.040770202224495	desktop
0.041130420194688	desktop
0.0409200801506273	desktop
0.041247086534916	desktop
0.0410554812316219	desktop
0.0414591297372282	desktop
0.0411738507301014	desktop
0.040983097005933	desktop
0.0413424633970002	desktop
0.0409532917365316	desktop
0.04146679394936	desktop
0.0413944097236711	desktop
0.040989909638939	desktop
0.0411457486189516	desktop
0.0410086443797055	desktop
0.0412479381140418	desktop
0.0413416118178745	desktop
0.0409652138442922	desktop
0.0413152128649762	desktop
0.0409260412045076	desktop
0.0411993981038739	desktop
0.0408536569788187	desktop
0.0411900307334906	desktop
0.0413177676023534	desktop
0.0411125370330472	desktop
0.0412411254810358	desktop
0.0411355296694425	desktop
0.0409822454268072	desktop
0.0410163085918373	desktop
0.040893681197729	desktop
0.0409992770093222	desktop
0.0413807844576591	desktop
0.0410699580767596	desktop
0.0415000055352643	desktop
0.0409677685816694	desktop
0.0412189844237662	desktop
0.0409822454268072	desktop
0.0411934370499937	desktop
0.0412062107368799	desktop
0.0411627802014666	desktop
0.0413773781411561	desktop
0.0413203223397307	desktop
0.0411874759961134	desktop
0.040873243298711	desktop
0.0412223907402692	desktop
0.0411959917873709	desktop
0.0412802981208203	desktop
0.0413169160232277	desktop
0.0408519538205672	desktop
0.0413177676023534	desktop
0.0410852865010232	desktop
0.0407157011604469	desktop
0.0410793254471429	desktop
0.041106575979167	desktop
0.0412615633800538	desktop
0.0413543855047608	desktop
0.040773608540998	desktop
0.0411159433495502	desktop
0.0412428286392873	desktop
0.0412019528412512	desktop
0.0412581570635508	desktop
0.0409635106860407	desktop
0.0411474517772031	desktop
0.0415528034410609	desktop
0.0412249454776465	desktop
0.0410810286053944	desktop
0.0411474517772031	desktop
0.0411568191475863	desktop
0.0412854075955749	desktop
0.0414063318314316	desktop
0.041006941221454	desktop
0.0411738507301014	desktop
0.0409601043695377	desktop
0.0407966011773933	desktop
0.0412428286392873	desktop
0.0412479381140418	desktop
0.041230054952401	desktop
0.0412445317975388	desktop
0.0412223907402692	desktop
0.0412240938985207	desktop
0.040910712780244	desktop
0.0411576707267121	desktop
0.0414097381479346	desktop
0.0410827317636459	desktop
0.04088346224822	desktop
0.0411159433495502	desktop
0.0412751886460658	desktop
0.0411772570466044	desktop
0.0411857728378619	desktop
0.0411747023092271	desktop
0.0411466001980773	desktop
0.0412675244339341	desktop
0.0409388148913939	desktop
0.0409873549015617	desktop
0.0413288381309882	desktop
0.0411193496660532	desktop
0.0410691064976339	desktop
0.0411644833597181	desktop
0.041236867585407	desktop
0.0411636317805923	desktop
0.0411644833597181	desktop
0.0410282306995978	desktop
0.041023972803969	desktop
0.0409703233190467	desktop
0.0409481822617771	desktop
0.0411738507301014	desktop
0.0410716612350111	desktop
0.0410580359689991	desktop
0.0411806633631074	desktop
0.0414420981547132	desktop
0.0411798117839816	desktop
0.0411789602048559	desktop
0.0409584012112861	desktop
0.0412564539052993	desktop
0.0410920991340292	desktop
0.0410886928175262	desktop
0.041250492851419	desktop
0.0413995191984256	desktop
0.0412666728548083	desktop
0.041226648635898	desktop
0.0412888139120779	desktop
0.0410444107029871	desktop
0.0411525612519576	desktop
0.0411678896762211	desktop
0.0411815149422331	desktop
0.0414046286731801	desktop
0.0412785949625688	desktop
0.0410052380632025	desktop
0.0412913686494551	desktop
0.0411423423024485	desktop
0.0412326096897782	desktop
0.0410163085918373	desktop
0.0412062107368799	desktop
0.0410026833258252	desktop
0.0411457486189516	desktop
0.0411287170364365	desktop
0.0413339476057427	desktop
0.0415613192323184	desktop
0.0411934370499937	desktop
0.0408289611841719	desktop
0.0410282306995978	desktop
0.0412845560164491	desktop
0.0406680127294048	desktop
0.0412590086426766	desktop
0.0410750675515142	desktop
0.0411832181004846	desktop
0.0411466001980773	desktop
0.0411227559825563	desktop
0.0412019528412512	desktop
0.0408740948778367	desktop
0.0411976949456224	desktop
0.0410605907063764	desktop
0.0407591316958602	desktop
0.0413245802353594	desktop
0.0410980601879095	desktop
0.0411287170364365	desktop
0.0410903959757777	desktop
0.0413390570804972	desktop
0.041106575979167	desktop
0.0411985465247482	desktop
0.0411363812485683	desktop
0.0413910034071681	desktop
0.0413765265620303	desktop
0.0409430727870226	desktop
0.0411959917873709	desktop
0.0414880834275038	desktop
0.0411908823126164	desktop
0.0413518307673835	desktop
0.0411278654573108	desktop
0.0411721475718499	desktop
0.0410231212248433	desktop
0.0411934370499937	desktop
0.0410938022922807	desktop
0.0415025602726416	desktop
0.040890274881226	desktop
0.041219836002892	desktop
0.041459981316354	desktop
0.0411823665213589	desktop
0.0411959917873709	desktop
0.0407974527565191	desktop
0.0410018317466995	desktop
0.0407489127463512	desktop
0.0411040212417897	desktop
0.0412777433834431	desktop
0.0408715401404595	desktop
0.0409805422685557	desktop
0.0411466001980773	desktop
0.0407455064298482	desktop
0.041106575979167	desktop
0.0411832181004846	desktop
0.040993315955442	desktop
0.0412079138951314	desktop
0.0409745812146754	desktop
0.041103169662664	desktop
0.040986503322436	desktop
0.0410375980699811	desktop
0.0410716612350111	desktop
0.0409703233190467	desktop
0.0413075486528444	desktop
0.0408562117161959	desktop
0.0408953843559805	desktop
0.0411500065145803	desktop
0.0410614422855021	desktop
0.0410674033393824	desktop
0.0411397875650713	desktop
0.0408017106521478	desktop
0.041123607561682	desktop
0.0412496412722933	desktop
0.0412053591577542	desktop
0.0413220254979822	desktop
0.0411891791543649	desktop
0.0411483033563288	desktop
0.0411908823126164	desktop
0.0410972086087837	desktop
0.0411747023092271	desktop
0.0410989117670352	desktop
0.0414097381479346	desktop
0.0411866244169876	desktop
0.0408545085579444	desktop
0.0410929507131549	desktop
0.0413458697135032	desktop
0.0413279865518624	desktop
0.0411116854539215	desktop
0.0412777433834431	desktop
0.0411559675684606	desktop
0.0411653349388438	desktop
0.0414616844746055	desktop
0.0409635106860407	desktop
0.0410699580767596	desktop
0.0411091307165442	desktop
0.0411278654573108	desktop
0.041473606582366	desktop
0.041230054952401	desktop
0.0411542644102091	desktop
0.0410520749151188	desktop
0.0409890580598132	desktop
0.0413135097067247	desktop
0.0415264044881626	desktop
0.0410801770262687	desktop
0.0410554812316219	desktop
0.0412283517941495	desktop
0.0409234864671303	desktop
0.0414727550032403	desktop
0.0413220254979822	desktop
0.040893681197729	desktop
0.0410665517602566	desktop
0.0412087654742572	desktop
0.0411355296694425	desktop
0.0411934370499937	desktop
0.0409549948947831	desktop
0.0415809055522107	desktop
0.041363752875144	desktop
0.0413543855047608	desktop
0.0412879623329521	desktop
0.0408928296186033	desktop
0.0410375980699811	desktop
0.0413458697135032	desktop
0.0411295686155623	desktop
0.0413373539222457	desktop
0.0410682549185081	desktop
0.0409447759452741	desktop
0.0412862591747006	desktop
0.0412675244339341	desktop
0.0410691064976339	desktop
0.0412155781072632	desktop
0.0413594949795153	desktop
0.0410597391272506	desktop
0.0411968433664967	desktop
0.041473606582366	desktop
0.0410708096558854	desktop
0.0415851634478395	desktop
0.0409873549015617	desktop
0.0410503717568673	desktop
0.041236867585407	desktop
0.0409294475210106	desktop
0.0412615633800538	desktop
0.0411559675684606	desktop
0.0412411254810358	desktop
0.0407889369652615	desktop
0.0409609559486634	desktop
0.0412785949625688	desktop
0.0411474517772031	desktop
0.0410486685986158	desktop
0.0410861380801489	desktop
0.0411210528243047	desktop
0.0409064548846153	desktop
0.0412223907402692	desktop
0.0413441665552517	desktop
0.0412104686325087	desktop
0.0412070623160057	desktop
0.0411431938815743	desktop
0.0409745812146754	desktop
0.0409030485681123	desktop
0.0411261622990593	desktop
0.0408281096050461	desktop
0.0411755538883529	desktop
0.0412624149591796	desktop
0.0409848001641845	desktop
0.0411925854708679	desktop
0.0411942886291194	desktop
0.0409618075277892	desktop
0.0412087654742572	desktop
0.0412590086426766	desktop
0.0412121717907602	desktop
0.0410256759622205	desktop
0.0410938022922807	desktop
0.0410120506962085	desktop
0.041120201245179	desktop
0.0408476959249384	desktop
0.0412547507470478	desktop
0.0411934370499937	desktop
0.0413382055013715	desktop
0.0412777433834431	desktop
0.0413313928683655	desktop
0.0413952613027968	desktop
0.0411925854708679	desktop
0.0413978160401741	desktop
0.0413663076125213	desktop
0.040983097005933	desktop
0.0410214180665918	desktop
0.0413986676192998	desktop
0.0410835833427717	desktop
0.0410520749151188	desktop
0.0411925854708679	desktop
0.0411500065145803	desktop
0.0411721475718499	desktop
0.0411866244169876	desktop
0.0410733643932626	desktop
0.040794046440016	desktop
0.0411389359859455	desktop
0.0408740948778367	desktop
0.0408340706589264	desktop
0.0411483033563288	desktop
0.0411176465078017	desktop
0.0409209317297531	desktop
0.0410810286053944	desktop
0.0410861380801489	desktop
0.0411448970398258	desktop
0.041140639144197	desktop
0.0410614422855021	desktop
0.0408511022414414	desktop
0.0412104686325087	desktop
0.0411661865179696	desktop
0.0411466001980773	desktop
0.0412675244339341	desktop
0.0409609559486634	desktop
0.0413611981377668	desktop
0.0410256759622205	desktop
0.0412377191645328	desktop
0.041027379120472	desktop
0.0411193496660532	desktop
0.0413722686664015	desktop
0.0409260412045076	desktop
0.0409081580428668	desktop
0.0410801770262687	desktop
0.0408655790865792	desktop
0.0413118065484732	desktop
0.0409268927836333	desktop
0.0410512233359931	desktop
0.0410316370161008	desktop
0.040989909638939	desktop
0.0411184980869275	desktop
0.0415374750167974	desktop
0.0414131444644376	desktop
0.0410401528073583	desktop
0.041103169662664	desktop
0.0410597391272506	desktop
0.0411380844068198	desktop
0.0413271349727367	desktop
0.0415621708114442	desktop
0.0411840696796104	desktop
0.0412811496999461	desktop
0.0411466001980773	desktop
0.0415672802861987	desktop
0.0411380844068198	desktop
0.0412768918043173	desktop
0.0410972086087837	desktop
0.0411159433495502	desktop
0.0409907612180647	desktop
0.0409609559486634	desktop
0.0413824876159106	desktop
0.0412930718077066	desktop
0.0410120506962085	desktop
0.0412147265281375	desktop
0.0410478170194901	desktop
0.0408715401404595	desktop
0.0413288381309882	desktop
0.0411917338917422	desktop
0.0409796906894299	desktop
0.0412462349557903	desktop
0.0410818801845202	desktop
0.0413049939154671	desktop
0.0413697139290243	desktop
0.0413492760300062	desktop
0.0410903959757777	desktop
0.0412028044203769	desktop
0.0409362601540166	desktop
0.0411329749320653	desktop
0.0412045075786284	desktop
0.0411363812485683	desktop
0.0412751886460658	desktop
0.0411380844068198	desktop
0.0411091307165442	desktop
0.0410725128141369	desktop
0.0410708096558854	desktop
0.0411593738849636	desktop
0.0410801770262687	desktop
0.0413816360367848	desktop
0.0413007360198384	desktop
0.0413458697135032	desktop
0.0414063318314316	desktop
0.0412249454776465	desktop
0.0411636317805923	desktop
0.0413084002319702	desktop
0.0410903959757777	desktop
0.0411644833597181	desktop
0.040897087514232	desktop
0.0411985465247482	desktop
0.0410265275413463	desktop
0.0410043864840767	desktop
0.0412053591577542	desktop
0.0411729991509756	desktop
0.0408349222380521	desktop
0.0413731202455273	desktop
0.0409549948947831	desktop
0.0411159433495502	desktop
0.0412888139120779	desktop
0.0412496412722933	desktop
0.0411423423024485	desktop
0.0410444107029871	desktop
0.0411849212587361	desktop
0.041020566487466	desktop
0.0409822454268072	desktop
0.0410120506962085	desktop
0.040897087514232	desktop
0.0411091307165442	desktop
0.0409762843729269	desktop
0.0411074275582927	desktop
0.040996722271945	desktop
0.0407974527565191	desktop
0.0411414907233228	desktop
0.0410742159723884	desktop
0.0413049939154671	desktop
0.0412828528581976	desktop
0.0412547507470478	desktop
0.041233461268904	desktop
0.0411644833597181	desktop
0.0412326096897782	desktop
0.0412828528581976	desktop
0.0414259181513239	desktop
0.0411389359859455	desktop
0.0412343128480297	desktop
0.0411414907233228	desktop
0.0410341917534781	desktop
0.0410214180665918	desktop
0.0409158222549986	desktop
0.0411764054674786	desktop
0.0406092537697279	desktop
0.0412785949625688	desktop
0.0413484244508805	desktop
0.0411551159893348	desktop
0.0415374750167974	desktop
0.040983097005933	desktop
0.0413875970906651	desktop
0.0411253107199335	desktop
0.0409541433156574	desktop
0.0410708096558854	desktop
0.0413518307673835	desktop
0.0410793254471429	desktop
0.0408757980360882	desktop
0.0411874759961134	desktop
0.0411355296694425	desktop
0.0410699580767596	desktop
0.0409566980530346	desktop
0.0409566980530346	desktop
0.0407344359012134	desktop
0.0408323675006749	desktop
0.0415289592255399	desktop
0.0411585223058378	desktop
0.0411244591408078	desktop
0.0412692275921856	desktop
0.0408638759283277	desktop
0.0411823665213589	desktop
0.041113388612173	desktop
0.0412607118009281	desktop
0.0411815149422331	desktop
0.0411517096728318	desktop
0.041363752875144	desktop
0.0411942886291194	desktop
0.0412641181174311	desktop
0.0409532917365316	desktop
0.0410759191306399	desktop
0.0412521960096705	desktop
0.0409473306826514	desktop
0.0409413696287711	desktop
0.041356940242138	desktop
0.0410682549185081	desktop
0.0412862591747006	desktop
0.0411678896762211	desktop
0.0410725128141369	desktop
0.0410639970228794	desktop
0.0409686201607952	desktop
0.0409132675176213	desktop
0.0414012223566771	desktop
0.0413049939154671	desktop
0.0414020739358029	desktop
0.0410333401743523	desktop
0.0410801770262687	desktop
0.0410725128141369	desktop
0.0410605907063764	desktop
0.0409950191136935	desktop
0.0410231212248433	desktop
0.0410657001811309	desktop
0.0411585223058378	desktop
0.0410801770262687	desktop
0.0411789602048559	desktop
0.0410912475549034	desktop
0.0412734854878143	desktop
0.0413339476057427	desktop
0.0413543855047608	desktop
0.0410563328107476	desktop
0.0411917338917422	desktop
0.041483825531875	desktop
0.0412351644271555	desktop
0.0412607118009281	desktop
0.0411040212417897	desktop
0.0413228770771079	desktop
0.0408996422516093	desktop
0.0407923432817645	desktop
0.0408519538205672	desktop
0.0411210528243047	desktop
0.0414489107877192	desktop
0.0408996422516093	desktop
0.0411568191475863	desktop
0.0411704444135984	desktop
0.0410716612350111	desktop
0.0412351644271555	desktop
0.0411295686155623	desktop
0.0413356507639942	desktop
0.0414914897440068	desktop
0.0409745812146754	desktop
0.0414165507809406	desktop
0.0412121717907602	desktop
0.0409320022583878	desktop
0.0409873549015617	desktop
0.0414821223736235	desktop
0.0411815149422331	desktop
0.0413177676023534	desktop
0.0412317581106525	desktop
0.041477012898869	desktop
0.0413995191984256	desktop
0.0410725128141369	desktop
0.0412462349557903	desktop
0.0413441665552517	desktop
0.0412956265450839	desktop
0.0414054802523059	desktop
0.0412419770601615	desktop
0.0412828528581976	desktop
0.0410622938646279	desktop
0.0408919780394775	desktop
0.0412036559995027	desktop
0.0412888139120779	desktop
0.0411116854539215	desktop
0.0415570613366897	desktop
0.0412658212756826	desktop
0.0410793254471429	desktop
0.0412973297033354	desktop
0.0412692275921856	desktop
0.0414489107877192	desktop
0.041023972803969	desktop
0.0411653349388438	desktop
0.0409379633122681	desktop
0.0415110760638991	desktop
0.0414088865688089	desktop
0.0409524401574059	desktop
0.0413024391780899	desktop
0.0409320022583878	desktop
0.0412275002150237	desktop
0.0408298127632976	desktop
0.0410571843898734	desktop
0.0411329749320653	desktop
0.0410563328107476	desktop
0.0412973297033354	desktop
0.0414071834105574	desktop
0.0413007360198384	desktop
0.0410018317466995	desktop
0.0412581570635508	desktop
0.0413722686664015	desktop
0.0410350433326038	desktop
0.0412590086426766	desktop
0.0411644833597181	desktop
0.0412079138951314	desktop
0.0411363812485683	desktop
0.0411806633631074	desktop
0.0411091307165442	desktop
0.0412709307504371	desktop
0.0412973297033354	desktop
0.041363752875144	desktop
0.0409728780564239	desktop
0.0414940444813841	desktop
0.0411346780903168	desktop
0.0411457486189516	desktop
0.0408877201438487	desktop
0.0412521960096705	desktop
0.0411346780903168	desktop
0.041603898188606	desktop
0.0411057244000412	desktop
0.0411329749320653	desktop
0.0411951402082452	desktop
0.0413228770771079	desktop
0.041247086534916	desktop
0.0410299338578493	desktop
0.0411900307334906	desktop
0.0412794465416946	desktop
0.0415000055352643	desktop
0.0408894233021002	desktop
0.0413663076125213	desktop
0.0410222696457175	desktop
0.0411397875650713	desktop
0.0413688623498985	desktop
0.0410801770262687	desktop
0.0410435591238613	desktop
0.040766795907992	desktop
0.0410657001811309	desktop
0.0411287170364365	desktop
0.0411329749320653	desktop
0.0412019528412512	desktop
0.0410716612350111	desktop
0.040993315955442	desktop
0.0408000074938963	desktop
0.0410750675515142	desktop
0.0410350433326038	desktop
0.0413186191814792	desktop
0.041120201245179	desktop
0.041339908659623	desktop
0.0411900307334906	desktop
0.0409813938476815	desktop
0.0410801770262687	desktop
0.0407966011773933	desktop
0.0411585223058378	desktop
0.0411917338917422	desktop
0.0413101033902217	desktop
0.0413271349727367	desktop
0.0413313928683655	desktop
0.0410818801845202	desktop
0.0411150917704245	desktop
0.0413654560333955	desktop
0.0413416118178745	desktop
0.0413032907572156	desktop
0.0411832181004846	desktop
0.040989909638939	desktop
0.0407574285376087	desktop
0.0411729991509756	desktop
0.0412726339086886	desktop
0.0413407602387487	desktop
0.0410546296524961	desktop
0.0411440454607001	desktop
0.0414097381479346	desktop
0.0411108338747957	desktop
0.0411474517772031	desktop
0.0410793254471429	desktop
0.0409490338409029	desktop
0.0412794465416946	desktop
0.0412530475887963	desktop
0.0415298108046656	desktop
0.0412675244339341	desktop
0.0410605907063764	desktop
0.0413978160401741	desktop
0.041223242319395	desktop
0.0412283517941495	desktop
0.0408536569788187	desktop
0.0412794465416946	desktop
0.0412462349557903	desktop
0.0410605907063764	desktop
0.0413560886630123	desktop
0.0411363812485683	desktop
0.0410427075447356	desktop
0.0409302991001363	desktop
0.0410358949117296	desktop
0.0413543855047608	desktop
0.0413748234037788	desktop
0.0412181328446405	desktop
0.0413092518110959	desktop
0.0411483033563288	desktop
0.040993315955442	desktop
0.0412062107368799	desktop
0.0410077928005798	desktop
0.0409175254132501	desktop
0.0413271349727367	desktop
0.040996722271945	desktop
0.0409371117331424	desktop
0.0413611981377668	desktop
0.0410120506962085	desktop
0.0412002496829997	desktop
0.0410622938646279	desktop
0.0411653349388438	desktop
0.0409056033054895	desktop
0.0414182539391921	desktop
0.0412607118009281	desktop
0.0412317581106525	desktop
0.0411908823126164	desktop
0.0411142401912987	desktop
0.0412794465416946	desktop
0.0409626591069149	desktop
0.0412079138951314	desktop
0.0411261622990593	desktop
0.0413858939324136	desktop
0.041477012898869	desktop
0.0409277443627591	desktop
0.0410938022922807	desktop
0.0416107108216121	desktop
0.0413654560333955	desktop
0.0411857728378619	desktop
0.0408979390933578	desktop
0.0408919780394775	desktop
0.0411312717738138	desktop
0.0409532917365316	desktop
0.0411857728378619	desktop
0.0413680107707728	desktop
0.0411483033563288	desktop
0.0413731202455273	desktop
0.0413058454945929	desktop
0.041219836002892	desktop
0.0413918549862938	desktop
0.0409737296355497	desktop
0.0410674033393824	desktop
0.0408255548676689	desktop
0.0412479381140418	desktop
0.0412309065315267	desktop
0.0414684971076115	desktop
0.0411474517772031	desktop
0.0413194707606049	desktop
0.0410699580767596	desktop
0.0413305412892397	desktop
0.0410639970228794	desktop
0.0416566960944027	desktop
0.0410469654403643	desktop
0.0411023180835382	desktop
0.0414216602556952	desktop
0.0406875990492971	desktop
0.0414693486867373	desktop
0.0410495201777416	desktop
0.0410903959757777	desktop
0.0408000074938963	desktop
0.0410350433326038	desktop
0.041343314976126	desktop
0.0412922202285809	desktop
0.0407318811638362	desktop
0.0410886928175262	desktop
0.0412964781242096	desktop
0.0411908823126164	desktop
0.0412377191645328	desktop
0.041103169662664	desktop
0.0413526823465092	desktop
0.0411951402082452	desktop
0.0412590086426766	desktop
0.0407463580089739	desktop
0.0409524401574059	desktop
0.0413978160401741	desktop
0.0411125370330472	desktop
0.0412011012621254	desktop
0.0411738507301014	desktop
0.0412453833766645	desktop
0.0410665517602566	desktop
0.0414463560503419	desktop
0.0413313928683655	desktop
0.0413254318144852	desktop
0.0411738507301014	desktop
0.04101375385446	desktop
0.0412913686494551	desktop
0.040986503322436	desktop
0.0410665517602566	desktop
0.041253899167922	desktop
0.0412360160062812	desktop
0.0412922202285809	desktop
0.0413484244508805	desktop
0.0413918549862938	desktop
0.0411014665044125	desktop
0.0406152148236082	desktop
0.0410026833258252	desktop
0.0412462349557903	desktop
0.0410699580767596	desktop
0.0410554812316219	desktop
0.0415119276430248	desktop
0.0411704444135984	desktop
0.0413007360198384	desktop
0.0413731202455273	desktop
0.0412053591577542	desktop
0.0412598602218023	desktop
0.0412581570635508	desktop
0.0413978160401741	desktop
0.041103169662664	desktop
0.041360346558641	desktop
0.0411593738849636	desktop
0.0410963570296579	desktop
0.0410052380632025	desktop
0.0413884486697908	desktop
0.0411985465247482	desktop
0.0409515885782801	desktop
0.0409328538375136	desktop
0.0410818801845202	desktop
0.041236867585407	desktop
0.041120201245179	desktop
0.0413288381309882	desktop
0.0413024391780899	desktop
0.0415545065993124	desktop
0.0411951402082452	desktop
0.0412632665383053	desktop
0.0408809075108427	desktop
0.0411985465247482	desktop
0.0411874759961134	desktop
0.0410903959757777	desktop
0.0411840696796104	desktop
0.0411883275752391	desktop
0.0412240938985207	desktop
0.0409183769923758	desktop
0.0413935581445453	desktop
0.0410529264942446	desktop
0.0413058454945929	desktop
0.0410512233359931	desktop
0.0410920991340292	desktop
0.0411559675684606	desktop
0.0412530475887963	desktop
0.0416362581953846	desktop
0.0412317581106525	desktop
0.041230054952401	desktop
0.0411491549354546	desktop
0.0412794465416946	desktop
0.0412947749659581	desktop
0.041003534904951	desktop
0.0412794465416946	desktop
0.0413084002319702	desktop
0.0411014665044125	desktop
0.0409950191136935	desktop
